,제목,본문,날짜,설교자,예배
0,비접촉 인생의 믿음의 접촉’,마9:18-26,2020년09월13일,송태근,주일낮예배
1,원하시는 예배는 무엇인가?’,마9:9-17,2020년09월06일,송태근,주일낮예배
2,어느 것이 쉽겠느냐?’,마9:1-8,2020년08월30일,송태근,주일낮예배
3,돼지 떼의 죽음이 주는 메시지’,마8:28-34,2020년08월23일,송태근,주일낮예배
4,나를 따르라!’,마8:18-22,2020년08월16일,송태근,주일낮예배
5,산에서 내려 오시다’,마8:5-13,2020년08월09일,송태근,주일낮예배
6,열매로 알리라’,마7:15-20,2020년08월02일,송태근,주일낮예배
7,"개, 돼지는 누구인가?’",마7:1-6,2020년07월26일,송태근,주일낮예배
8,외식하지 말라’,마6:1-4,2020년07월19일,송태근,주일낮예배
9,'새로고침',이사야61:1-4,2020년07월12일,송태근,주일낮예배
10,'하나님의 시간표',신명기16:9-12,2020년07월05일,송태근,주일낮예배
11,'왜'에서 '무엇'으로,사도행전11:28-30,2020년06월28일,송태근,주일낮예배
12,더 나은 의’,마5:43-48,2020년06월21일,송태근,주일낮예배
13,폭풍 속의 가정’,마5:27-32,2020년06월14일,송태근,주일낮예배
14,완성하러 오신 예수님’,마5:17-20,2020년06월07일,송태근,주일낮예배
15,세상 속의 소금과 빛’,마5:13-16,2020년05월31일,송태근,주일낮예배
16,기독교인의 박해’,마5:10-12,2020년05월24일,송태근,주일낮예배
17,하나님의 아들’,마5:9,2020년05월17일,송태근,주일낮예배
18,청결함의 세 가지 조건’,마5:8,2020년05월10일,송태근,주일낮예배
19,긍휼과 십자가’,마5:7,2020년05월03일,송태근,주일낮예배
20,주리고 목마른 은혜’,마5:6,2020년04월26일,송태근,주일낮예배
21,온유와 땅’,마5:5,2020년04월19일,송태근,주일낮예배
22,'부활에 뿌리내린 삶',마가복음16:12-15,2020년04월12일,송태근,주일낮예배
23,유사품 애통을 조심하라’,마5:4,2020년04월05일,송태근,주일낮예배
24,초대받은 자의 특징’,마5:3,2020년03월29일,송태근,주일낮예배
25,새로운 복’,마5:1-12,2020년03월22일,송태근,주일낮예배
26,사람 낚는 어부들’,마4:18-22,2020년03월15일,송태근,주일낮예배
27,이방의 갈리리여!’,마4:12-16,2020년03월08일,송태근,주일낮예배
28,광야와 시험’,마4:1-11,2020년03월01일,송태근,주일낮예배
29,요한의 세례’,마3:1-9,2020년02월23일,송태근,주일낮예배
30,나사렛 사람’,마2:19-23,2020년02월16일,송태근,주일낮예배
31,'예루살렘의 소동',마2:16,2019년12월25일,송태근,주일낮예배
32,요셉의 의로움’,마1:18-25,2020년02월09일,송태근,주일낮예배
33,마태의 세 가지 전망’,마1:1-11,2020년02월02일,송태근,주일낮예배
34,'하나님의 뜻 세 가지',데살로니가전서5:16-18,2020년01월26일,송태근,주일낮예배
35,'사랑의 진실함을 증명하라',고린도후서8:9-15,2020년01월19일,송태근,주일낮예배
36,'이 세상과 저 세상',누가복음20:27-36,2020년01월12일,송태근,주일낮예배
37,'화평을 구하십시오',베드로전서3:8-12,2020년01월05일,송태근,주일낮예배
38,'세 가지 질문과 사명',요21:18-25,2019년12월29일,송태근,주일낮예배
39,'갈릴리의 약속',요21:1-11,2019년12월22일,송태근,주일낮예배
40,'부활의 세 가지 얼굴',요20:1-8,2019년12월15일,송태근,주일낮예배
41,'다 이루었다',요19:28-30,2019년12월08일,송태근,주일낮예배
42,"'레디,셋,고(Ready,Set,Go)'",요한복음17:18-19,2019년12월01일,송태근,주일낮예배
43,'빌라도의 재판',요19:10-11,2019년11월24일,송태근,주일낮예배
44,'감사의 네 가지 방법',시편95:1-5,2019년11월17일,송태근,주일낮예배
45,'세 개의 시선',요18:28-32,2019년11월10일,송태근,주일낮예배
46,'아버지께서 주신 잔',요18:10-14,2019년11월03일,송태근,주일낮예배
47,'나사렛 사람 예수',요18:1-9,2019년10월27일,송태근,주일낮예배
48,'거룩과 보내어짐',요17:9-13,2019년10월20일,송태근,주일낮예배
49,'예수님이 기도하시다',요17:1-8,2019년10월13일,송태근,주일낮예배
50,'담대함을 넘어 이김의 자리로!',요16:25-33,2019년09월22일,송태근,주일낮예배
51,'그 날이 오면!',요16:16-24,2019년09월15일,송태근,주일낮예배
52,'성령님과 제자들',요16:1-8,2019년09월08일,송태근,주일낮예배
53,'세상 속의 제자',요15:18-27,2019년09월01일,송태근,주일낮예배
54,'꼭 붙어있으라',요15:1-4,2019년08월25일,송태근,주일낮예배
55,'제자들의 네가지 질문',요13:36-14:4,2019년08월18일,송태근,주일낮예배
56,'끝까지 사랑하시니라(02)',요13:1-11,2019년08월11일,송태근,주일낮예배
57,'끝까지 사랑하시니라(01)',요13:1-11,2019년08월04일,송태근,주일낮예배
58,'두 가지 영광',요12:37-43,2019년07월28일,송태근,주일낮예배
59,'향유 냄새 가득한 집',요12:1-3,2019년07월21일,송태근,주일낮예배
60,'선교는 실패가 없다. 안 하는게 실패다',요11:45-47,2019년07월14일,송태근,주일낮예배
61,'나사로의 죽음과 부활의 현재성',요11:1-7,2019년07월07일,송태근,주일낮예배
62,'신의 아들',요10:31-42,2019년06월30일,송태근,주일낮예배
63,'나는 양의 문이라',요10:1-7,2019년06월23일,송태근,주일낮예배
64,'눈뜬 맹인',요9:1-7,2019년06월16일,송태근,주일낮예배
65,'매인 자유',요8:31-32,2019년06월09일,송태근,주일낮예배
66,'정죄와 용서를 넘어서',요8:1-9,2019년06월02일,송태근,주일낮예배
67,'생수의 강',요7:37-39,2019년05월26일,송태근,주일낮예배
68,'하나님의 공의란?',요7:14-24,2019년05월19일,송태근,주일낮예배
69,'올라가라',요7:1-9,2019년05월12일,송태근,주일낮예배
70,'표적을 본 까닭이 아니다',요6:16-21,2019년05월05일,송태근,주일낮예배
71,'시험하고자 하심',요6:1-6,2019년04월28일,송태근,주일낮예배
72,'생명의 부활',요5:24-29,2019년04월21일,송태근,주일낮예배
73,'베데스다와 38년 된 병자',요5:1-9,2019년04월14일,송태근,주일낮예배
74,'길 위에 서 있는 믿음',요4:43-54,2019년04월07일,송태근,주일낮예배
75,'예수님의 특별한 여행',요4:1-6,2019년03월31일,송태근,주일낮예배
76,'요한의 기쁨',요3:22-30,2019년03월24일,송태근,주일낮예배
77,'물과 성령으로 거듭나라',요3:1-5,2019년03월17일,송태근,주일낮예배
78,'예수님과 성전',요2:12-22,2019년03월10일,송태근,주일낮예배
79,'혼인잔치(02)',요2:1-11,2019년03월03일,송태근,주일낮예배
80,'혼인잔치(01)',요2:1-11,2019년02월24일,송태근,주일낮예배
81,'더 큰 일을 보리라',요1:43-51,2019년02월17일,송태근,주일낮예배
82,'세상 죄를 지고 가는 어린양',요1:29-34,2019년02월10일,송태근,주일낮예배
83,'왕의 대로를 준비하라',요1:19-23,2019년02월03일,송태근,주일낮예배
84,'신방(新房)을 차리다',요1:14-18,2019년01월27일,송태근,주일낮예배
85,'증언의 목적',요1:6-13,2019년01월20일,송태근,주일낮예배
86,'태초에 빛이',요1:1-5,2019년01월13일,송태근,주일낮예배
87,'요한 복음서를 기록한 목적',요20:30-31,2019년01월06일,송태근,주일낮예배
88,'하나님을 자랑하는 삶!',시편105:1-7,2018년12월30일,송태근,주일낮예배
89,'이웃을 섬김이란?',신명기22:8,2018년12월23일,송태근,주일낮예배
90,'공동체와 다음세대',신명기6:1-9,2018년12월16일,송태근,주일낮예배
91,'선교:하나님의 큰 그림',창세기12:1-3,2018년12월09일,송태근,주일낮예배
92,'고난의 신비',베드로전서4:12-19,2018년12월02일,송태근,주일낮예배
93,"'전도, 기쁨의 초대'",요한복음4:28-30,2018년11월25일,송태근,주일낮예배
94,'감사와 헌금',고린도후서9:1-2,2018년11월18일,송태근,주일낮예배
95,'사랑',고린도전서13:4-8,2018년11월11일,송태근,주일낮예배
96,'성찬의 일상적 의미',고린도전서10:16-17,2018년11월04일,송태근,주일낮예배
97,'일상 속에서의 성령 충만',에베소서5:15-21,2018년10월28일,송태근,주일낮예배
98,'기도는 대안이 아니라 전부이다',느헤미야1:4-5,2018년10월21일,송태근,주일낮예배
99,'말씀안에 거하기',사무엘상15:10-16,2018년10월14일,송태근,주일낮예배
100,'세례와 공동체',마태복음28:18-20,2018년10월07일,송태근,주일낮예배
101,'회개',누가복음3:7-15,2018년09월30일,송태근,주일낮예배
102,"'교회, 새로운 시작'",창세기35:1-5,2018년09월23일,송태근,주일낮예배
103,'세 가지 대조',왕상16:1-6,2018년09월16일,송태근,주일낮예배
104,'말씀과 같이 되다',왕상15:24-30,2018년09월09일,송태근,주일낮예배
105,'아사왕의 명과 암',왕상15:9-15,2018년09월02일,송태근,주일낮예배
106,'아비얌 왕의 그늘',왕상15:1-8,2018년08월26일,송태근,주일낮예배
107,'금방패를 대신한 놋방패',왕상14:21-31,2018년08월19일,송태근,주일낮예배
108,'여로보암의 아들의 죽음',왕상14:1-16,2018년08월12일,송태근,주일낮예배
109,'그가 어느 길로 가더냐?',왕상13:12,2018년07월29일,송태근,주일낮예배
110,'말씀이 사건이 되다(3)',왕상13:1-10,2018년07월22일,송태근,주일낮예배
111,'말씀이 사건이 되다(2)',왕상12:1-11,2018년07월15일,송태근,주일낮예배
112,'말씀이 사건이 되다(1)',왕상11:26-36,2018년07월08일,송태근,주일낮예배
113,'로마로 가야하는 세가지 이유',로마서1:8-17,2018년07월01일,송태근,주일낮예배
114,'에베소에 나타난 하나님의 부흥',사도행전19:17-20,2018년06월24일,송태근,주일낮예배
115,'하나님이 말씀하시는 부흥의 질서',고린도전서12:14-27,2018년06월17일,송태근,주일낮예배
116,'하나님의 부탁',고린도후서5:17-21,2018년06월10일,송태근,주일낮예배
117,'하나님의 부흥을 사모하라',하박국3:2,2018년06월03일,송태근,주일낮예배
118,'종말을 사는 성도의 기도',약5:13-20,2018년05월27일,송태근,주일낮예배
119,'세가지 선물',로마서5:1-11,2018년05월20일,송태근,주일낮예배
120,'부한 자와 의인',약5:1-6,2018년05월06일,송태근,주일낮예배
121,'허탄한 자랑',약4:13-17,2018년04월29일,송태근,주일낮예배
122,'싸움과 다툼의 근원',약4:1-10,2018년04월22일,송태근,주일낮예배
123,'참 지혜의 열매',약3:13-18,2018년04월15일,송태근,주일낮예배
124,'혀의 두가지 위력',약3:1-6,2018년04월08일,송태근,주일낮예배
125,'부활의 권력',빌립보서3:10-12,2018년04월01일,송태근,주일낮예배
126,'네 믿음을 보여 봐!',약2:14-18,2018년03월25일,송태근,주일낮예배
127,'차별의 죄',약2:1-7,2018년03월18일,송태근,주일낮예배
128,'세가지 명령',약1:19-27,2018년03월11일,송태근,주일낮예배
129,'무대 뒤',약1:12-18,2018년03월04일,송태근,주일낮예배
130,'부함과 가난함의 본질',약1:9-11,2018년02월25일,송태근,주일낮예배
131,'두 마음',약1:5-8,2018년02월18일,송태근,주일낮예배
132,'인간의 세가지 조건',약1:2-4,2018년02월11일,송태근,주일낮예배
133,'흩어진 나그네',약1:1,2018년02월04일,송태근,주일낮예배
134,'영문 밖으로 나아갑시다',히13:12-13,2018년01월28일,송태근,주일낮예배
135,'흔들리지 않는 나라',히12:28-29,2018년01월21일,송태근,주일낮예배
136,'세가지 권면',히12:14-17,2018년01월14일,송태근,주일낮예배
137,'징계의 은혜',히12:5-11,2018년01월07일,송태근,주일낮예배
138,'경주의 세가지 원리',히12:1-5,2017년12월31일,송태근,주일낮예배
139,'예수님의 탄생(1)',마태복음1:16-17,2017년12월24일,송태근,주일낮예배
140,'아브라함의 부름과 시험',히11:8-16,2017년12월17일,송태근,주일낮예배
141,"'우월한 원리, 믿음!'",히11:1-3,2017년12월10일,송태근,주일낮예배
142,'구경거리',히10:32-39,2017년12월03일,송태근,주일낮예배
143,'소망을 굳게 잡으라!',히10:23-25,2017년11월26일,송태근,주일낮예배
144,'춤추게 하시는 하나님',시편30:11,2017년11월19일,송태근,주일낮예배
145,'한 몸을 예비하심',히10:8-10,2017년11월12일,송태근,주일낮예배
146,'피',히9:23-28,2017년11월05일,송태근,주일낮예배
147,'개혁할 때까지!',히9:1-10,2017년10월29일,송태근,주일낮예배
148,'더 좋은 언약의 네 가지 특징',히8:6-13,2017년10월22일,송태근,주일낮예배
149,'더 좋은 언약',히8:1-6,2017년10월15일,송태근,주일낮예배
150,'하나님의 맹세',히7:20-28,2017년10월08일,송태근,주일낮예배
151,'대적자들!',왕상11:1-8,2017년10월01일,송태근,주일낮예배
152,'스바 여왕의 방문',왕상10:1-8,2017년09월24일,송태근,주일낮예배
153,'솔로몬의 두 개의 프레임',왕상9:1-10,2017년09월17일,송태근,주일낮예배
154,'솔로몬의 연설',왕상8:12-21,2017년09월10일,송태근,주일낮예배
155,'솔로몬의 성전 건축(4)',왕상8:1-11,2017년09월03일,송태근,주일낮예배
156,'솔로몬의 성전 건축(3)',왕상7:51,2017년08월27일,송태근,주일낮예배
157,'솔로몬의 성전 건축(2)',왕상6:11-13,2017년08월20일,송태근,주일낮예배
158,'솔로몬의 성전 건축(1)',왕상5:1-6,2017년08월13일,송태근,주일낮예배
159,'솔로몬 왕국의 조직이 갖는 영적인 의미',왕상4:1-6,2017년08월06일,송태근,주일낮예배
160,'솔로몬의 재판에 담긴 세가지 의미',왕상3:16-28,2017년07월30일,송태근,주일낮예배
161,'솔로몬의 꿈',왕상3:5-14,2017년07월23일,송태근,주일낮예배
162,'왜 솔로몬인가?',왕상2:1-9,2017년07월16일,송태근,주일낮예배
163,'수넴 여자 아비삭',왕상1:1-10,2017년07월09일,송태근,주일낮예배
164,'맥추절 속의 하나님의 마음',출애굽기23:16,2017년07월02일,송태근,주일낮예배
165,'사탄은 뻔한 싸움하지 않는다',마태복음6:9-13,2017년06월25일,송태근,주일낮예배
166,'용 서',마태복음6:9-13,2017년06월18일,송태근,주일낮예배
167,'일용할 양식',마태복음6:9-13,2017년06월11일,송태근,주일낮예배
168,'위험한 기도',마태복음6:9-13,2017년06월04일,송태근,주일낮예배
169,'이미와 아직',마태복음6:9-13,2017년05월28일,송태근,주일낮예배
170,'기도의 순서를 뒤집어라!',마태복음6:9,2017년05월14일,송태근,주일낮예배
171,'제자들은 왜 기도를 가르쳐 달라고 했을까?',누가복음11:1-4,2017년05월07일,송태근,주일낮예배
172,'온전함으로 나아가는 방법!',히브리서7:11-19,2017년04월30일,송태근,주일낮예배
173,'멜기세덱과 그리스도',히브리서7:1-10,2017년04월23일,송태근,주일낮예배
174,'빈 무덤의 목격자',요한복음20:1-9,2017년04월16일,송태근,주일낮예배
175,'그리스도를 다시 십자가에 못박지 말라',히브리서6:4-6,2017년04월09일,송태근,주일낮예배
176,'의의 말씀을 경험하라',히브리서5:11-14,2017년04월02일,송태근,주일낮예배
177,'대제사장직의 조건',히브리서5:1-10,2017년03월26일,송태근,주일낮예배
178,'때를 따라 돕는 은혜',히브리서4:14-16,2017년03월19일,송태근,주일낮예배
179,'왜 다시 말씀인가?',히브리서4:12-13,2017년03월12일,송태근,주일낮예배
180,'남은 안식',히브리서4:1-10,2017년03월05일,송태근,주일낮예배
181,'끝까지 붙잡으라',히브리서3:7-14,2017년02월26일,송태근,주일낮예배
182,'예수를 깊이 생각하라',히브리서3:1-6,2017년02월19일,송태근,주일낮예배
183,'그리스도의 왕권 성취를 위한 3단계',히브리서2:5-9,2017년02월12일,송태근,주일낮예배
184,'권면과 염려',히브리서2:1-4,2017년02월05일,송태근,주일낮예배
185,'천사와 아들',히브리서1:5-14,2017년01월29일,송태근,주일낮예배
186,'아들로 말씀하신 하나님(2)',히브리서1:1-4,2017년01월22일,송태근,주일낮예배
187,'아들로 말씀하신 하나님(1)',히브리서1:1-4,2017년01월15일,송태근,주일낮예배
188,'말씀하신 하나님',히브리서1:1-3,2017년01월08일,송태근,주일낮예배
189,'바벨탑의 의미',창세기11:1-9,2017년01월01일,송태근,주일낮예배
190,'여호와의 열심이 이룬다',이사야9:6-7,2016년12월25일,송태근,주일낮예배
191,'톨레도트<족보>',"창세기10:1-5,32",2016년12월18일,송태근,주일낮예배
192,'노아와 세 아들',창세기9:20-29,2016년12월11일,송태근,주일낮예배
193,'내 언약',창세기9:11-13,2016년12월04일,송태근,주일낮예배
194,'기억하시는 하나님',창세기8:1-12,2016년11월27일,송태근,주일낮예배
195,'무엇으로 보답할꼬?',데살로니가전서3:7-9,2016년11월20일,송태근,주일낮예배
196,'방주로 들어가라',창세기7:11-16,2016년11월13일,송태근,주일낮예배
197,'육체가 된 인간',창세기6:1-8,2016년11월06일,송태근,주일낮예배
198,'동행',창세기5:21-24,2016년10월30일,송태근,주일낮예배
199,'가인의 후예',창세기4:16-26,2016년10월23일,송태근,주일낮예배
200,'두 개의 시선',마가복음14:66-72,2016년10월16일,송태근,주일낮예배
201,'마땅치 않은 일',사도행전6:1-7,2016년10월09일,송태근,주일낮예배
202,'옳지 못한 일',출애굽기18:13-18,2016년10월02일,송태근,주일낮예배
203,'가인의 표',창세기4:9-15,2016년09월25일,송태근,주일낮예배
204,'아벨의 제사',창세기4:1-8,2016년09월18일,송태근,주일낮예배
205,'사탄의 세 가지 특징',창세기3:8-14,2016년09월11일,송태근,주일낮예배
206,'여자와 뱀',창세기3:1-7,2016년09월04일,송태근,주일낮예배
207,'돕는 배필',창세기2:15-18,2016년08월28일,송태근,주일낮예배
208,'에덴의 창설',창세기2:8-14,2016년08월21일,송태근,주일낮예배
209,'안식으로..',창세기2:1-3,2016년08월14일,송태근,주일낮예배
210,'왕권!',창세기1:24-31,2016년08월07일,송태근,주일낮예배
211,"'혼돈, 공허, 흑암'",창세기1:2-5,2016년07월31일,송태근,주일낮예배
212,"'역사의 주어, 하나님이..'",창세기1:1,2016년07월24일,송태근,주일낮예배
213,'하나님의 전신갑주를 입으라(03)',에베소서6:10-17,2016년07월17일,송태근,주일낮예배
214,'하나님의 전신갑주를 입으라(02)',에베소서6:10-17,2016년07월10일,송태근,주일낮예배
215,'만나와 첫 열매',출애굽기23:16,2016년07월03일,송태근,주일낮예배
216,'하나님의 전신갑주를 입으라(01)',에베소서6:10-17,2016년06월26일,송태근,주일낮예배
217,'교회의 세 가지 사명',마태복음9:35,2016년06월19일,송태근,주일낮예배
218,'교회를 위한 바울의 기도',에베소서3:14-19,2016년06월12일,송태근,주일낮예배
219,'새벽을 깨워야하는 이유!',시편57:6-8,2016년06월05일,송태근,주일낮예배
220,'이처럼 사랑하신 하나님',요한복음3:16,2016년05월29일,송태근,주일낮예배
221,'교회를 향한 세 가지 부탁',에베소서4:1-6,2016년05월15일,송태근,주일낮예배
222,'네 어머니라',요한복음19:25-27,2016년05월08일,송태근,주일낮예배
223,'데살로니가 교회의 소문',데살로니가전서1:1-8,2016년05월01일,송태근,주일낮예배
224,'새 포도주는 새 부대에',마태복음9:17,2016년04월24일,송태근,주일낮예배
225,'교회는 그리스도의 몸',고린도전서12:27,2016년04월10일,송태근,주일낮예배
226,'첫 교회의 인상',사도행전2:42-47,2016년04월03일,송태근,주일낮예배
227,'위대한 아침',누가복음24:1-12,2016년03월27일,송태근,주일낮예배
228,'첫 교회',사도행전2:1-4,2016년03월20일,송태근,주일낮예배
229,'교회 성장을 넘어서',요한복음2:19,2016년03월13일,송태근,주일낮예배
230,'예수의 흔적을 가지라'(36:01),갈6:17-18,2016년03월06일,송태근,주일낮예배
231,'십자가 외에는 자랑할 것이 없다'(36:51),갈6:11-16,2016년02월28일,송태근,주일낮예배
232,'그대로 거두리라'(35:54),갈6:7-10,2016년02월21일,송태근,주일낮예배
233,"""그리스도의 법""(37:21)",갈6:2,2016년02월14일,송태근,주일낮예배
234,"""육체의 일, 성령의 열매""(34:37)",갈5:16-24,2016년02월07일,송태근,주일낮예배
235,"""종의 멍에를 매지 말라""(33:37)",갈5:1,2016년01월31일,송태근,주일낮예배
236,"""두 여자""(37:01)",갈4:21-28,2016년01월24일,송태근,주일낮예배
237,"""무엇을 위한 열심인가?""(43:14)",갈4:8-11,2016년01월17일,송태근,주일낮예배
238,"""유업을 이을 자""(44:08)",갈4:1-7,2016년01월10일,송태근,주일낮예배
239,"""오래된 미래, 씨""(42:13)",갈3:15-22,2016년01월03일,송태근,주일낮예배
240,"""나무에 달린 자 예수!""(37:01)",갈3:12-14,2015년12월27일,송태근,주일낮예배
241,"""어리석은 사람들의 기초""(36:08)",갈3:1-5,2015년12월20일,송태근,주일낮예배
242,"""그리스도의 믿음""(39:07)",갈2:17-21,2015년12월13일,송태근,주일낮예배
243,"""그리스도인의 자유(3)""(37:17)",갈2:11-16,2015년12월06일,송태근,주일낮예배
244,"""내가 네게 보여줄 땅으로 가라""(36:28)",창세기12:1,2015년11월29일,송태근,주일낮예배
245,"""그리스도인의 자유(2)""(41:31)",갈2:1-5,2015년11월22일,송태근,주일낮예배
246,"""그 이름을 자랑하라""(36:14)",시편105:1-7,2015년11월15일,송태근,주일낮예배
247,"""그리스도인의 자유""(1) (32:24)",갈2:1-5,2015년11월08일,송태근,주일낮예배
248,"""아라비아의 시간""(35:17)",갈1:17-24,2015년11월01일,송태근,주일낮예배
249,"""은혜로 나를 부르심""(37:15)",갈1:11-17,2015년10월25일,송태근,주일낮예배
250,"""다른 복음은 없습니다(2) - 사람을 기쁘게 하랴!""(41:52)",갈1:6-10,2015년10월18일,송태근,주일낮예배
251,"""다른 복음은 없습니다(1) - 사도권""(39:45)",갈1:1-10,2015년10월11일,송태근,주일낮예배
252,"""치료하는 광선""(40:23)",말라기4:1-6,2015년10월04일,송태근,주일낮예배
253,"""그리스도와 십일조""(37:02)",말라기3:7-12,2015년09월27일,송태근,주일낮예배
254,"""언약의 사자""(39:28)",말라기3:1-6,2015년09월20일,송태근,주일낮예배
255,"""경건한 자손""(39:50)",말라기2:10-16,2015년09월13일,송태근,주일낮예배
256,"""레위와 세운 언약""(32:32)",말라기2:1-9,2015년09월06일,송태근,주일낮예배
257,"""문제는 예배다""(33:42)",말라기1:6-11,2015년08월30일,송태근,주일낮예배
258,"""내가 너희를 사랑하였노라""(38:47)",말라기1:1-5,2015년08월23일,송태근,주일낮예배
259,"""하나님의 질문""(44:04)",학개 2:10-15,2015년08월16일,송태근,주일낮예배
260,"""나중 영광의 크기""(41:14)",학개2:1-9,2015년08월09일,송태근,주일낮예배
261,"""감동""(33:58)",학개1:12-15,2015년08월02일,송태근,주일낮예배
262,"""자기 행위를 살피라""(35:53)",학개1:1-11,2015년07월26일,송태근,주일낮예배
263,"""하나님은 나의 힘""(33:19)",하박국3:17-19,2015년07월19일,송태근,주일낮예배
264,"""놀라운 소문!""(42:28)",하박국3:1-4,2015년07월12일,송태근,주일낮예배
265,"""피로 세운 보증(맥추절)""(40:15)",신명기16:9-12,2015년07월05일,송태근,주일낮예배
266,"""성루에 서서""(34:27)",하박국 2:1-4,2015년06월28일,송태근,주일낮예배
267,"""왜?""(전체실황)",하박국1:12-17,2015년06월21일,송태근,주일낮예배
268,"""하나님을 향한 세 가지 질문""(전체실황)",하박국1:1-4,2015년06월14일,송태근,주일낮예배
269,"""내가 여기 있나이다. 나를 보내소서""(전체실황)",이사야6:1-8,2015년06월07일,송태근,주일낮예배
270,"""탐내지 말라""(38:20)",출애굽기20:17,2015년05월24일,송태근,주일낮예배
271,"""사실과 진실""(36:12)",출애굽기20:16,2015년05월17일,송태근,주일낮예배
272,"""도둑질하지 말라""(41:37)",출애굽기20:15,2015년05월10일,송태근,주일낮예배
273,"""간음하지 말라""(38:21)",출애굽기20:14,2015년05월03일,송태근,주일낮예배
274,"""살인의 추억""(38:54)",출애굽기20:13,2015년04월26일,송태근,주일낮예배
275,"""옳은 일""(40:16)",출애굽기20:12,2015년04월19일,송태근,주일낮예배
276,"""나만 바라 봐(2)""(40:48)",출애굽기20:8-11,2015년04월12일,송태근,주일낮예배
277,"""예수님의 7가지 표적 07""(40:19)",요한복음11:17-23,2015년04월05일,송태근,주일낮예배
278,"""나만 바라 봐(1)""(25:13)",출애굽기20:8-11,2015년03월29일,송태근,주일낮예배
279,"""헛된 고백""(35:15)",출애굽기20:7,2015년03월22일,송태근,주일낮예배
280,"""질투""(38:23)",출애굽기20:4-6,2015년03월15일,송태근,주일낮예배
281,"""너와 나 사이에""(30:46)",출애굽기20:3,2015년03월08일,송태근,주일낮예배
282,"""십계명은 무엇인가?""(41:27)",출애굽기20:1-2,2015년03월01일,송태근,주일낮예배
283,"""세 가지 부탁""(34:02)",롬16:17-20,2015년02월22일,송태근,주일낮예배
284,"""문안하라""(38:26)",롬16:1-8,2015년02월15일,송태근,주일낮예배
285,"""거룩한 열망""(29:38)",롬15:14-21,2015년02월08일,송태근,주일낮예배
286,"""먹을 만한 믿음""(38:26)",롬14:1-4,2015년02월01일,송태근,주일낮예배
287,"""빛의 갑옷을 입자""(41:06)",롬13:11-14,2015년01월25일,송태근,주일낮예배
288,"""신령한 은사(선물)""(37:08)",롬12:6-13,2015년01월18일,송태근,주일낮예배
289,"""한 몸""(46:30)",롬12:3-5,2015년01월11일,송태근,주일낮예배
290,"""산 제사""(39:42)",롬12:1-2,2015년01월04일,송태근,주일낮예배
291,"""측량할 수 없는 은혜""(37:54)",롬11:33-36,2014년12월28일,송태근,주일낮예배
292,"""이스라엘의 회복""(33:08)",롬11:1-5,2014년12월21일,송태근,주일낮예배
293,"""자기 의와 하나님의 의""(41:14)",롬10:1-7,2014년12월14일,송태근,주일낮예배
294,"""남은 자""(39:45)",롬9:27-29,2014년12월07일,송태근,주일낮예배
295,"""긍휼히 여길 자를 긍휼히 여김""(39:47)",롬9:14-18,2014년11월30일,송태근,주일낮예배
296,"""넉넉히 이김""(40:19)",롬8:37-39,2014년11월23일,송태근,주일낮예배
297,"""절대 감사""(35:12)",시편107:1-3,2014년11월16일,송태근,주일낮예배
298,"""말할 수 없는 탄식""(28:36)",롬8:26-30,2014년11월09일,송태근,주일낮예배
299,"""아들과 아버지""(33:50)",롬8:3-11,2014년11월02일,송태근,주일낮예배
300,"""율법과 남편""(37:10)",롬7:1-6,2014년10월26일,송태근,주일낮예배
301,"""누구의 종인가?""(28:11)",롬6:15-23,2014년10월19일,송태근,주일낮예배
302,"""새생명 가운데 행하라""(37:37)",롬6:1-5,2014년10월12일,송태근,주일낮예배
303,"""두 인류""(33:51)",롬5:12-21,2014년10월05일,송태근,주일낮예배
304,"""화평을 누리자""(39:41)",롬5:1-11,2014년09월28일,송태근,주일낮예배
305,"""하나님께서 의로 여기심""(42:23)",롬4:1-10,2014년09월21일,송태근,주일낮예배
306,"""하나님의 한 의가 나타남""(42:17)",롬3:19-24,2014년09월14일,송태근,주일낮예배
307,"""하나님이 이기신다""(38:47)",롬3:1-8,2014년09월07일,송태근,주일낮예배
308,"""세 가지 자랑""(44:31)",롬2:8-16,2014년08월31일,송태근,주일낮예배
309,"""진리대로 되는 심판""(42:58)",롬2:1-11,2014년08월24일,송태근,주일낮예배
310,"""붙잡히는 것이 은혜다""(39:20)",롬1:24-32,2014년08월17일,송태근,주일낮예배
311,"""하나님이 옳습니다""(45:12)",롬1:16-17,2014년08월10일,송태근,주일낮예배
312,"""보고싶은 이유""(38:32)",롬1:8-17,2014년08월03일,송태근,주일낮예배
313,"""성경의 약속""(46:57) 1",롬1:1-7,2014년07월27일,송태근,주일낮예배
314,"""하나님의 복음""(44:57)",롬1:1-7,2014년07월20일,송태근,주일낮예배
315,"""다시 들어야 하는 복음""(35:22)",롬1:1-7,2014년07월13일,송태근,주일낮예배
316,"""매이지 않는 인생""",행28:23-31,2014년07월06일,송태근,주일낮예배
317,"""아! 로마""",행28:11-16,2014년06월29일,송태근,주일낮예배
318,"""섬 사람들""",행28:1-6,2014년06월22일,송태근,주일낮예배
319,"""성도가 사는 힘""",행27:22,2014년06월15일,송태근,주일낮예배
320,"""사소한 것에 목숨을 걸라""",행25:13-16,2014년06월08일,송태근,주일낮예배
321,"""세상이 진짜 무서워하는 것""",행24:1-4,2014년06월01일,송태근,주일낮예배
322,"""환난이 주는 복""",행23:11,2014년05월18일,송태근,주일낮예배
323,"""주님은 누구십니까?""",행22:4-11,2014년05월11일,송태근,주일낮예배
324,"""역사적인 화해""",행21:17-21,2014년05월04일,송태근,주일낮예배
325,"""성령께 매여 가는 길""",행20:36-38,2014년04월27일,송태근,주일낮예배
326,"""갈릴리의 약속""(34:21)",요한복음21:1-9,2014년04월20일,송태근,주일낮예배
327,"""행복한 사람 유두고""",행20:7-12,2014년04월13일,송태근,주일낮예배
328,"""대소동""",행19:23-27,2014년04월06일,송태근,주일낮예배
329,"""성령 받았습니까?""",행19:1-7,2014년03월30일,송태근,주일낮예배
330,"""머리 깎는 바울""",행18:18-23,2014년03월23일,송태근,주일낮예배
331,"""앞서 행하시는 하나님""",행18:12-17,2014년03월16일,송태근,주일낮예배
332,"""경륜""",행18:1-4,2014년03월09일,송태근,주일낮예배
333,"""아레오 바고의 선포""",행17:16-21,2014년03월02일,송태근,주일낮예배
334,"""신사적인 신앙"" 1",행17:11,2014년02월23일,송태근,주일낮예배
335,"""날이 새매"" 2",행16:35-40,2014년02월16일,송태근,주일낮예배
336,"""한밤의 노래""",행16:19-25,2014년02월09일,송태근,주일낮예배
337,"""꿈의 충돌""",행16:1-10,2014년02월02일,송태근,주일낮예배
338,"""세기적 다툼""",행15:36-41,2014년01월26일,송태근,주일낮예배
339,"""성도의 멍에와 원리""",행15:22-29,2014년01월19일,송태근,주일낮예배
340,"""성령을 받으라""(40:05)",요한복음20:21-22,2014년01월12일,송태근,주일낮예배
341,"""성령께 이끌리는 교회""(43:56)",요한복음14:16-17,2014년01월05일,송태근,주일낮예배
342,"""지금은 결산할 때 입니다""(39:02)",마태복음25:14-19,2013년12월29일,송태근,주일낮예배
343,"""우리가 기도할 때 하나님이 보여주신다""(36:25)",예레미야33:1-3,2013년12월22일,송태근,주일낮예배
344,"""우리가 기도할 때 하나님이 일하신다""(35:33)",열왕기하20:1-7,2013년12월15일,송태근,주일낮예배
345,"""우리가 꿈꾸는 교회""",행14:21-28,2013년12월08일,송태근,주일낮예배
346,"""안내판"" 1",행14:8-15,2013년12월01일,송태근,주일낮예배
347,"""불붙는 복음""",행14:1-7,2013년11월24일,송태근,주일낮예배
348,"""하나님의 뜻 세가지""(36:18)",데살로니가전서5:16-18,2013년11월17일,송태근,주일낮예배
349,"""배후의 세력(2)""",행13:4-12,2013년11월10일,송태근,주일낮예배
350,"""배후의 세력(1)""",행13:1-12,2013년11월03일,송태근,주일낮예배
351,"""헤롯의 죽음""",행12:18-25,2013년10월27일,송태근,주일낮예배
352,"""결박을 푸시는 하나님""",행12:1-7,2013년10월20일,송태근,주일낮예배
353,"""성령세례""",행11:16,2013년10월13일,송태근,주일낮예배
354,"""하나님을 제한하지 말라""",행10:1-8,2013년10월06일,송태근,주일낮예배
355,"""숨겨진 시간""",행9:20-31,2013년09월29일,송태근,주일낮예배
356,"""오직 은혜로""",행9:10-19,2013년09월22일,송태근,주일낮예배
357,"""회심""",행 9:1-9,2013년09월15일,송태근,주일낮예배
358,"""마술사 시몬""",행8:9-13,2013년09월08일,송태근,주일낮예배
359,"""큰 핍박, 큰 울음, 큰 기쁨""",행8:1-8,2013년09월01일,송태근,주일낮예배
360,"""다시 복음으로""",행7:5-10,2013년08월25일,송태근,주일낮예배
361,"""성도가 사는 법""",행6:8-15,2013년08월18일,송태근,주일낮예배
362,"""갈등은 새로운 기회""",행6:1-6,2013년08월11일,송태근,주일낮예배
363,"""경건한 두려움""",행5:1-5,2013년08월04일,송태근,주일낮예배
364,"""무슨 권세인가?""",행4:12,2013년07월28일,송태근,주일낮예배
365,"""미문 곁의 인생""",행3:1-10,2013년07월21일,송태근,주일낮예배
366,"""우리가 어떻게 할까?""",행2:37-42,2013년07월14일,송태근,주일낮예배
367,"""오순절과 교회""",행2:1-7,2013년07월07일,송태근,주일낮예배
368,"""지금 당장 할 일은?""",행1:12-14,2013년06월30일,송태근,주일낮예배
369,"""세가지 부탁""",행1:6-11,2013년06월23일,송태근,주일낮예배
370,"""약속하신 것을 기다리라""",행1:1-5,2013년06월16일,송태근,주일낮예배
371,새벽을 깨우리리로다(44:20),시편57:8,2013년06월09일,송태근,주일낮예배
372,성도의 가정 무엇으로 사는가?(4)부부(44:42),창세기2:18-25,2013년05월19일,송태근,주일낮예배
373,성도의 가정 무엇으로 사는가?(3)부모(43:57),에베소서6:1-3,2013년05월12일,송태근,주일낮예배
374,"성도의 가정, 무엇으로 사는가?(2)다음세대비전 (48:49)",신명기7:6-11,2013년05월05일,송태근,주일낮예배
375,"성도의 가정, 무엇으로 사는가?(1)기초 (42:57) 1",시편127:1-5,2013년04월28일,송태근,주일낮예배
376,인도하심을 받으라(47:50),시편23:1-6,2013년04월21일,송태근,주일낮예배
377,제자로 헌신하라(39:52) 3,마태복음28:19-20,2013년04월14일,송태근,주일낮예배
378,선교로 헌신하라,마가복음1:14-15,2013년04월07일,송태근,주일낮예배
379,나를 붙들지 말라(43:55) 3,요한복음20:17,2013년03월31일,송태근,주일낮예배
380,성찬식의 영성(31:52),마태복음26:26-30,2013년03월24일,송태근,주일낮예배
381,언어와 성품을 훈련하라(42:50) 1,갈라디아서5:22-23,2013년03월17일,송태근,주일낮예배
382,예배의 감격을 경험하라(42:51),요한계시록4:10-11,2013년03월10일,송태근,주일낮예배
383,매일 기도의 자리로 들어가라(37:19),누가복음18:1-8,2013년03월03일,송태근,주일낮예배
384,성경을 먹으라(42:56),디모데후서3:16,2013년02월24일,송태근,주일낮예배
385,네가 나를 사랑하느냐?(39:04),회복을 위한 7가지 질문(7),2013년02월17일,송태근,주일낮예배
386,네가 낫고자 하느냐?(36:34) 2,회복을 위한 7가지 질문(6),2013년02월10일,송태근,주일낮예배
387,너희는 나를 누구라 하느냐?(36:11) 3,회복을 위한 7가지 질문(5),2013년02월03일,송태근,주일낮예배
388,네가 무엇을 보느냐?(36:51),회복을 위한 7가지 질문(4),2013년01월27일,송태근,주일낮예배
389,네 손에 있는 것이 무엇이냐?(35:41),회복을 위한 7가지 질문(3),2013년01월20일,송태근,주일낮예배
390,네 이름이 무엇이냐?(39:56),회복을 위한 7가지 질문(2),2013년01월13일,송태근,주일낮예배
391,네가 어디 있느냐?(37:25),회복을 위한 7가지 질문(1),2013년01월06일,송태근,주일낮예배
392,<교회의4가지특징>교회를 교회되게(34:28),엡1:23,2012년12월30일,송태근,주일낮예배
393,세가지 예물(33:49),마태복음2:7-11,2012년12월23일,송태근,주일낮예배
394,성탄을 준비하는 사람들(39:25),누가복음2:8-14,2012년12월16일,송태근,주일낮예배
395,청년의 때 꼭 할 일(39:32),전도서12:1-2,2012년12월09일,송태근,주일낮예배
396,네 식물을 물 위에 던지라(28:26),전도서11:1-8,2012년12월02일,송태근,주일낮예배
397,기름통에 빠진 파리(33:36),전도서10:1,2012년11월25일,송태근,주일낮예배
398,은혜의 세가지 방편(33:32),마태복음26:26-29,2012년11월18일,송태근,주일낮예배
399,산 개가 죽은 사자보다 낫다(33:46),전도서9:4-6,2012년11월11일,송태근,주일낮예배
400,모순(38:16),전도서8:9-17,2012년10월28일,송태근,주일낮예배
401,신앙인의 출발점(36:17),전도서7:23-29,2012년10월21일,송태근,주일낮예배
402,하나님의 행하심을 보라(43:09),전도서7:11-18,2012년10월14일,송태근,주일낮예배
403,사람은 무엇으로 사는가?(40:19),전도서7:1-10,2012년10월07일,송태근,주일낮예배
404,강한자와 싸우지 마라(40:56),전도서6:1-6,2012년9월30일,송태근,주일낮예배
405,바늘귀를 통과하라(40:41),전도서5:8-12,2012년9월23일,송태근,주일낮예배
406,다 지나갈까?(34:28),전도서4:13-16,2012년9월16일,송태근,주일낮예배
407,함께 가야 살수 있습니다(40:57),전도서4:7-12,2012년9월9일,송태근,주일낮예배
408,인생의 통찰력(40:05),전도서3:11-15,2012년9월2일,송태근,주일낮예배
409,쾌락의 끝(43:29),전도서2:12-17,2012년8월26일,송태근,주일낮예배
410,세 가지 산을 향한 등정(43:46),전도서1:12-18,2012년8월19일,송태근,주일낮예배
411,무엇이 유익한가?(42:10),전도서1:3,2012년8월12일,송태근,주일낮예배
412,믿음이 없는 세대와 그 대안(52:39),마가복음9:23-29,2012년8월5일,송태근,주일낮예배
413,엘리야가 낙심한 진짜 이유는?(46:54),열왕기상19:1-8,2012년7월29일,송태근,주일낮예배
414,참된 예배란?(43:12),창세기4:1-8,2012년7월22일,송태근,주일낮예배
415,주일과 그리스도(42:21),출애굽기20:8-11,2012년7월15일,송태근,주일낮예배
416,십일조와 그리스도(38:16),창세기14:17-24,2012년7월8일,송태근,주일낮예배
417,예수가 복음이다(31:22) 2,요한복음2:1-11,2012년7월1일,송태근,주일낮예배
418,여리고와 대머리!’,왕하2:19–25,2020년04월19일,송태근,저녁예배
419,요단강 앞에 서라!’,왕하2:12-18,2020년04월12일,송태근,저녁예배
420,동행!’,왕하2:1-9,2020년04월05일,송태근,저녁예배
421,하나님이 세상을 다루시는 방법’,왕하1:9-18,2020년03월29일,송태근,저녁예배
422,털이 많은 사람’,왕하1:1-18,2020년03월22일,송태근,저녁예배
423,엘리야 시대의 특징들’,왕하1:1-8,2020년03월15일,송태근,저녁예배
424,'회고와 전망',신명기34:1-12,2020년03월08일,송태근,저녁예배
425,'주님의 발 앞에 앉으라',신명기33:1-5,2020년03월01일,송태근,저녁예배
426,'노래를 가르치라(02)',신명기32:44-47,2020년02월23일,송태근,저녁예배
427,'노래를 가르치라',신명기31:19-22,2020년02월16일,송태근,저녁예배
428,'마음의 할례',신명기30:1-9,2020년02월09일,송태근,저녁예배
429,'모압 땅에서의 언약',신명기29:1-13,2020년02월02일,송태근,저녁예배
430,'복과 저주',신명기28:15-24,2020년01월26일,송태근,저녁예배
431,'보내심',사도행전13:1-3,2020년01월19일,송태근,저녁예배
432,'복의 조건',신명기28:1-6,2020년01월12일,송태근,저녁예배
433,'굳히기!',신명기27:1-8,2020년01월05일,송태근,저녁예배
434,'아멘할지니라',신명기27:1-10,2019년12월29일,송태근,저녁예배
435,'환대와 구원',신명기26:1-11,2019년12월22일,송태근,저녁예배
436,'아말렉의 정체를 밝힌다',신명기25:17-19,2019년12월15일,송태근,저녁예배
437,'태형과 자비',신명기25:1-4,2019년12월08일,송태근,저녁예배
438,'기억하라',신명기24:6-9,2019년12월01일,송태근,저녁예배
439,'하나님께서 행하신 일을 기억하라!',신명기24:5-9,2019년11월24일,송태근,저녁예배
440,'이혼에 대한 하나님의 시선',신명기24:1-4,2019년11월10일,송태근,저녁예배
441,'네 진영을 거룩히 하라',신명기23:9-14,2019년11월03일,송태근,저녁예배
442,'총회에 들어가지 못하는 경우',신명기23:1-8,2019년10월27일,송태근,저녁예배
443,"'남자 옷, 여자 옷'",신명기22:5-12,2019년10월20일,송태근,저녁예배
444,'못 본 체하지 말라',신명기22:1-12,2019년10월13일,송태근,저녁예배
445,'나무에 달린 신랑',신명기21:10-14,2019년09월22일,송태근,저녁예배
446,'누구인지 알지 못하거든?',신명기21:1-9,2019년09월15일,송태근,저녁예배
447,'전쟁의 4가지 옵션',신명기20:10-20,2019년09월08일,송태근,저녁예배
448,'하나님 나라와 개인의 행복',신명기20:1-9,2019년09월01일,송태근,저녁예배
449,'피난처 예수',신명기19:1-13,2019년08월25일,송태근,저녁예배
450,'한 선지자를 일으키리라',신명기18:16-22,2019년08월18일,송태근,저녁예배
451,'3.1운동',신명기17:15-20,2019년08월11일,송태근,저녁예배
452,'초막절을 지키는 방법',신명기16:16-22,2019년08월04일,송태근,저녁예배
453,'세 가지 절기의 공통점',신명기16:1-8,2019년07월28일,송태근,저녁예배
454,'네 손을 펴라',신명기15:1-8,2019년07월21일,송태근,저녁예배
455,'십일조 속의 이웃2',신명기14:22-29,2019년07월14일,송태근,저녁예배
456,'십일조 속의 이웃',신명기14:22-29,2019년07월07일,송태근,저녁예배
457,''성민'을 구분하는 방식',신명기14:1-10,2019년06월30일,송태근,저녁예배
458,'왜 미혹되는가?',신명기13:1-11,2019년06월23일,송태근,저녁예배
459,'예배 장소',신명기12:1-6,2019년06월16일,송태근,저녁예배
460,'답.정.너',신명기11:26-30,2019년06월09일,송태근,저녁예배
461,'행복을 위한 5가지 요청',신명기10:12-22,2019년06월02일,송태근,저녁예배
462,'네 공의가 아니다',신명기9:1-5,2019년05월26일,송태근,저녁예배
463,'성도의 복이란?',신명기8:11-16,2019년05월19일,송태근,저녁예배
464,'우리를 택하신 세 가지 이유',신명기7:1-9,2019년05월12일,송태근,저녁예배
465,'미래를 위한 세 가지 고민',신명기6:1-9,2019년05월05일,송태근,저녁예배
466,'다른 청중',신명기5:1-6,2019년04월28일,송태근,저녁예배
467,'신앙은 <OO> 있는 것이다',신명기4:1-8,2019년04월21일,송태근,저녁예배
468,'요단강 동쪽의 세 지파',신명기3:12-22,2019년04월14일,송태근,저녁예배
469,'북으로 가는 두 가지 방법',신명기2:1-3,2019년04월07일,송태근,저녁예배
470,'우리가 어디로 갈까?',신명기1:19-33,2019년03월31일,송태근,저녁예배
471,'다시 풀어 쓴 하나님 말씀',신명기1:1-5,2019년03월24일,송태근,저녁예배
472,'죽어서 말하는 세가지 메세지',왕상22:29-40,2019년03월17일,송태근,저녁예배
473,'고생의 떡과 고생의 물',왕상22:1-6,2019년03월10일,송태근,저녁예배
474,'나봇의 포도밭(02)',왕상21:1-7,2019년03월03일,송태근,저녁예배
475,'나봇의 포도밭(01)',왕상21:1-7,2019년02월24일,송태근,저녁예배
476,'무익한 자비',왕상20:35-43,2019년02월17일,송태근,저녁예배
477,'변함이 없는 세 가지',왕상20:1-12,2019년02월10일,송태근,저녁예배
478,'네가 어찌하여 여기 있느냐?(2)',왕상19:11-21,2019년02월03일,송태근,저녁예배
479,'네가 어찌하여 여기 있느냐',왕상19:1-8,2019년01월27일,송태근,저녁예배
480,'머뭇거리지 말라',왕상18:16-24,2019년01월20일,송태근,저녁예배
481,'아합의 길과 오바댜의 길',왕상18:1-6,2019년01월13일,송태근,저녁예배
482,'엘리야 다시보기',왕상17:1-7,2019년01월06일,송태근,저녁예배
483,눅24:13-17'엠마오로 가는 길',스토리로 읽는 누가복음(63),2018년12월30일,송태근,저녁예배
484,'숨지시다!',눅23:44-49,2018년12월23일,송태근,저녁예배
485,'골고다의 길',눅23:26-38,2018년12월16일,송태근,저녁예배
486,'유다의 배반과 베드로의 부인',눅22:47-65,2018년12월02일,송태근,저녁예배
487,'그분의 인자하심은 영원하시다',시편136:1-9,2018년11월18일,송태근,저녁예배
488,'검을 사라고?',눅22:35-46,2018년10월28일,송태근,저녁예배
489,'누가 큰 자니이까',눅22:24-30,2018년10월21일,송태근,저녁예배
490,'유월절과 예수',눅22:1-13,2018년10월14일,송태근,저녁예배
491,'미혹 받지 말라',눅21:5-13,2018년10월07일,송태근,저녁예배
492,'다음 시즌!',눅20:27-40,2018년09월30일,송태근,저녁예배
493,'형상',눅20:19-26,2018년09월23일,송태근,저녁예배
494,'설마',눅20:9-19,2018년09월16일,송태근,저녁예배
495,'예수님의 눈물',눅19:41-48,2018년09월02일,송태근,저녁예배
496,'예수님은 왜 나귀를 타셨나?',눅19:28-40,2018년08월26일,송태근,저녁예배
497,'귀인은 누구인가?',눅19:12-26,2018년08월19일,송태근,저녁예배
498,'삭개오의 구원에 대한 두 가지 시선',눅19:1-10,2018년08월12일,송태근,저녁예배
499,'청년의 등',눅18:18-30,2018년07월29일,송태근,저녁예배
500,'하나님을 향한 두 사람의 태도',눅18:9-14,2018년07월22일,송태근,저녁예배
501,'원한을 풀어주시리라',눅18:1-8,2018년07월15일,송태근,저녁예배
502,'롯의 처를 기억하라',눅17:32-37,2018년07월01일,송태근,저녁예배
503,'하루에 일곱번이라도 용서를?',눅17:1-10,2018년06월24일,송태근,저녁예배
504,'거지 나사로 이야기 속의 부자',눅16:19-31,2018년06월17일,송태근,저녁예배
505,'불의한 청지기의 두 가지 지혜',눅16:1-8,2018년06월10일,송태근,저녁예배
506,'하나님의 세가지 마음',눅15:1-10,2018년06월03일,송태근,저녁예배
507,'계산없이 살지 말라',눅14:25-35,2018년05월27일,송태근,저녁예배
508,'내집을 채우기 위하여 나가라',눅14:15-24,2018년05월06일,송태근,저녁예배
509,'주님이 가야할 길',눅13:31-35,2018년04월29일,송태근,저녁예배
510,'좁은 문',눅13:22-30,2018년04월22일,송태근,저녁예배
511,'회당과 꼬부라진 여인',눅13:10-17,2018년04월15일,송태근,저녁예배
512,'때를 따라 양식을 나누어 줄 자가 누군가?',눅12:41-48,2018년04월08일,송태근,저녁예배
513,'한밤 중 찾아온 친구',눅11:5-13,2018년03월25일,송태근,저녁예배
514,'필요한 것은 하나!',눅10:38-42,2018년03월18일,송태근,저녁예배
515,'어떻게 읽느냐?',눅10:25-37,2018년03월11일,송태근,저녁예배
516,'누가 큰자입니까?',눅9:44-48,2018년03월04일,송태근,저녁예배
517,'믿음이 없는 세대',눅9:37-43,2018년02월25일,송태근,저녁예배
518,'영광스런 변화',눅9:28-36,2018년02월18일,송태근,저녁예배
519,'이 사람은 누구인가?',눅9:12-17,2018년02월11일,송태근,저녁예배
520,'열두 제자와 헤롯',눅9:1-9,2018년02월04일,송태근,저녁예배
521,'제자들에게 부탁한 두가지',눅9:1-11,2018년01월28일,송태근,저녁예배
522,'12해 혈루병과 12살 딸',눅8:40-48,2018년01월21일,송태근,저녁예배
523,'광인과 돼지 떼',눅8:26-40,2018년01월14일,송태근,저녁예배
524,'너희 믿음이 어디있느냐?',눅8:22-25,2018년01월07일,송태근,저녁예배
525,'향유를 붓는 여인',눅7:36-42,2017년12월10일,송태근,저녁예배
526,'세례 요한의 오해',눅7:18-23,2017년12월03일,송태근,저녁예배
527,'울지 말라',눅7:11-17,2017년11월12일,송태근,저녁예배
528,'...도!',눅7:1-10,2017년11월05일,송태근,저녁예배
529,'제자들을 부르시다',눅6:12-19,2017년10월29일,송태근,저녁예배
530,'안식일의 주인',눅6:1-5,2017년10월22일,송태근,저녁예배
531,'의원과 환자',눅5:27-32,2017년10월15일,송태근,저녁예배
532,'파라독사',눅5:17-26,2017년10월08일,송태근,저녁예배
533,'말씀에 의지하여?',눅5:1-11,2017년10월01일,송태근,저녁예배
534,'사람을 낚는 어부',눅5:1-11,2017년09월24일,송태근,저녁예배
535,'예수님의 갈릴리 사역',눅4:31-44,2017년09월17일,송태근,저녁예배
536,'칭송에서 배척으로!',눅4:14-15,2017년09월10일,송태근,저녁예배
537,'예수님이 받으신 시험(3)',눅4:1-13,2017년09월03일,송태근,저녁예배
538,'예수님이 받으신 시험(2)',눅4:1-13,2017년08월27일,송태근,저녁예배
539,'예수님이 받으신 시험(1)',눅4:1-13,2017년08월20일,송태근,저녁예배
540,'세례 요한의 메시지',눅3:7-20,2017년08월13일,송태근,저녁예배
541,'세례 요한은 왜 광야로 갔는가?',눅3:1-6,2017년08월06일,송태근,저녁예배
542,'예수님의 성장',눅2:40-52,2017년07월30일,송태근,저녁예배
543,'왜 목자들에게 나타났나?',눅2:8-20,2017년07월23일,송태근,저녁예배
544,'호적하라!',눅2:1-7,2017년07월16일,송태근,저녁예배
545,'세례요한의 출생',눅1:5-13,2017년07월09일,송태근,저녁예배
546,'말씀의 목격자',눅1:1-7,2017년07월02일,송태근,저녁예배
547,'주 예수여 오시옵소서!',계22:18-21,2017년06월25일,송태근,저녁예배
548,'생명수의 강',계22:1-5,2017년06월18일,송태근,저녁예배
549,'새 하늘 새 땅',계21:1-8,2017년06월04일,송태근,저녁예배
550,'흰 보좌와 생명책',계20:1-6,2017년05월28일,송태근,저녁예배
551,'천년 왕국',계20:1-6,2017년05월07일,송태근,저녁예배
552,'백마를 탄 자',계19:11-21,2017년04월30일,송태근,저녁예배
553,'어린양의 혼인 잔치',계19:3-10,2017년04월23일,송태근,저녁예배
554,'어린양의 혼인 잔치',계19:3-10,2017년04월16일,송태근,저녁예배
555,'큰 성 바벨론의 최후',계18:21-24,2017년04월09일,송태근,저녁예배
556,'음녀의 비밀',계17:1-7,2017년04월02일,송태근,저녁예배
557,'큰 성 바벨론의 파멸',계16:17-21,2017년03월26일,송태근,저녁예배
558,'아마겟돈',계16:8-16,2017년03월19일,송태근,저녁예배
559,'일곱 대접의 진노',계16:1-7,2017년03월12일,송태근,저녁예배
560,'마지막 재앙',계15:1-8,2017년03월05일,송태근,저녁예배
561,'하늘의 음성을 기록하라',계14:14-20,2017년02월26일,송태근,저녁예배
562,'세 천사의 메세지',계14:6-12,2017년02월19일,송태근,저녁예배
563,'십사만 사천의 노래',계14:1-5,2017년02월12일,송태근,저녁예배
564,'666의 실체',계13:11-18,2017년02월05일,송태근,저녁예배
565,"'뿔이 열, 머리가 일곱'",계13:1-10,2017년01월29일,송태근,저녁예배
566,'미가엘과 용의 전쟁',계12:7-17,2017년01월22일,송태근,저녁예배
567,'큰 붉은 용의 정체',계12:3-6,2017년01월15일,송태근,저녁예배
568,'해산의 고통',계12:1-2,2017년01월08일,송태근,저녁예배
569,'일곱째나팔의 비밀(재앙인가?)',계11:15-19,2017년01월01일,송태근,저녁예배
570,'큰 성의 정체',계11:7-13,2016년12월25일,송태근,저녁예배
571,'측량하지 말라',계11:1-6,2016년12월18일,송태근,저녁예배
572,'일곱 나팔의 비밀(7)',계10:1-7,2016년12월04일,송태근,저녁예배
573,'일곱 나팔의 비밀(6)',계9:13-21,2016년11월27일,송태근,저녁예배
574,'일곱 나팔의 비밀(5-1)',계9:1-12,2016년11월20일,송태근,저녁예배
575,'일곱 나팔의 비밀(5)',계9:1-12,2016년11월13일,송태근,저녁예배
576,'일곱 나팔의 비밀(4)',계8:12-13,2016년11월06일,송태근,저녁예배
577,'일곱 나팔의 비밀(3)',계8:7-11,2016년10월30일,송태근,저녁예배
578,'일곱 나팔의 비밀(2)',계8:6-9,2016년10월23일,송태근,저녁예배
579,'일곱 나팔의 비밀(1)',계8:6-12,2016년10월16일,송태근,저녁예배
580,'너의 믿음을 보여봐',고후13:3-13,2016년10월09일,송태근,저녁예배
581,'바울의 염려',고후12:12-21,2016년10월02일,송태근,저녁예배
582,'육체의 가시',고후12:1-10,2016년09월25일,송태근,저녁예배
583,'두 종류의 일꾼',고후11:1-15,2016년09월18일,송태근,저녁예배
584,'자랑!',고후10:13-18,2016년09월04일,송태근,저녁예배
585,'우리의 싸우는 무기',고후10:1-6,2016년08월28일,송태근,저녁예배
586,'참 연보',고후9:1-15,2016년08월21일,송태근,저녁예배
587,'디도의 역할',고후8:16-23,2016년08월14일,송태근,저녁예배
588,'공평케 하시는 하나님',고후8:10-24,2016년08월07일,송태근,저녁예배
589,'진실한 사랑',고후8:1-8,2016년07월31일,송태근,저녁예배
590,'위로' (2),고후7:11-16,2016년07월17일,송태근,저녁예배
591,'위로' (1),고후7:1-10,2016년07월10일,송태근,저녁예배
592,'멍에',고후6:11-18,2016년07월03일,송태근,저녁예배
593,'은혜를 헛되이 받지 말라',고후6:1-10,2016년06월19일,송태근,저녁예배
594,'강권하시는 사랑',고후5:11-21,2016년06월12일,송태근,저녁예배
595,'그리스도의 심판대',고후5:1-10,2016년06월05일,송태근,저녁예배
596,'낙심할 수 없는 세 가지 이유',고후4:16-18,2016년05월15일,송태근,저녁예배
597,'보배와 질그릇',고후4:7-15,2016년05월08일,송태근,저녁예배
598,'복음을 혼잡하게 말자!',고후4:1-6,2016년05월01일,송태근,저녁예배
599,'수건',고후3:12-18,2016년04월24일,송태근,저녁예배
600,'더욱 큰 영광',고후3:6-11,2016년04월17일,송태근,저녁예배
601,'추천서',고후3:1-5,2016년04월10일,송태근,저녁예배
602,'생명의 냄새',고후2:12-17,2016년04월03일,송태근,저녁예배
603,'용서의 이유',고후2:1-11,2016년03월27일,송태근,저녁예배
604,'고린도에 가지 않은 이유',고후1:12-24,2016년03월20일,송태근,저녁예배
605,'위로',고후1:1-7,2016년03월13일,송태근,저녁예배
606,'일곱째 인(7)',계8:1-5,2016년03월06일,송태근,저녁예배
607,'일곱 인(6)',계6:12-17,2016년02월28일,송태근,저녁예배
608,일곱인 (5) 수가 차기까지,계6:9-11,2016년02월21일,송태근,저녁예배
609,'일곱 인(4)',계6:7-8,2016년02월07일,송태근,저녁예배
610,'일곱 인(3)',계6:5-6,2016년01월31일,송태근,저녁예배
611,'일곱 인(2)',계6:3-4,2016년01월24일,송태근,저녁예배
612,'일곱 인(1)',계6:1-2,2016년01월17일,송태근,저녁예배
613,"""어린양의 대관식""(45:17)",계5:7-8,2016년01월10일,송태근,저녁예배
614,"""어린양과 두루마리""(44:34)",계5:1-7,2016년01월03일,송태근,저녁예배
615,"""천상의 풍경""(36:20)",계4:4-11,2015년12월27일,송태근,저녁예배
616,"""천상의 예배""(53:31)",계4:1-5,2015년12월13일,송태근,저녁예배
617,"""열심을 내라!<라오디게아 교회>""(47:12)",계3:20,2015년12월06일,송태근,저녁예배
618,"""열린 문<빌라델비아 교회>""(50:02)",계3:7-13,2015년11월22일,송태근,저녁예배
619,"""거짓 평안<사데 교회>""(46:19)",계3:1-6,2015년11월15일,송태근,저녁예배
620,"""음녀 이세벨<두아디라 교회>""(52:56)",계2:18-29,2015년11월08일,송태근,저녁예배
621,"""내 입의 검으로 싸우리라<버가모 교회>""(50:10)",계2:12-17,2015년11월01일,송태근,저녁예배
622,"""죽도록 충성하라<서머나 교회>""(45:33)",계2:8-11,2015년10월25일,송태근,저녁예배
623,"""첫사랑<에베소 교회>""(45:33)",계2:1-7,2015년10월18일,송태근,저녁예배
624,"""별들의 이야기""(46:31)",계1:12-20,2015년10월11일,송태근,저녁예배
625,"""구름 타고 오시는 예수""(47:12)",계1:6-8,2015년10월04일,송태근,저녁예배
626,"""계시록의 일곱교회""(48:23)",계1:4-8,2015년09월27일,송태근,저녁예배
627,"""예수 그리스도의 계시""(39:28)",계1:1-3,2015년09월20일,송태근,저녁예배
628,"""다윗의 인구 조사""(45:43)",삼하24:1-25,2015년09월13일,송태근,저녁예배
629,"""다윗의 마지막 말""(48:06)",삼하23:1-7,2015년09월06일,송태근,저녁예배
630,"""가슴에 노래가 있는가?""(31:32)",삼하22:1-8,2015년08월30일,송태근,저녁예배
631,"""언약에 신실하신 하나님""(37:18)",삼하21:15-22,2015년08월23일,송태근,저녁예배
632,"""다윗의 나라와 기브온""(38:54)",삼하21:1-6,2015년08월09일,송태근,저녁예배
633,"""한 지혜로운 여인""(49:51)",삼하20:1-26,2015년08월02일,송태근,저녁예배
634,"""왕의 귀환 2""(44:59)",삼하19:24-30,2015년07월26일,송태근,저녁예배
635,"""왕의 귀환""(37:15)",삼하19:1-8,2015년07월19일,송태근,저녁예배
636,"""달의 몰락""(40:34)",삼하18:1-15,2015년07월12일,송태근,저녁예배
637,"""지략이 은혜를 만날 때""(44:12)",삼하17:1-14,2015년07월05일,송태근,저녁예배
638,"""시바의 거짓말""(43:14)",삼하16:1-4,2015년06월28일,송태근,저녁예배
639,"""압살롬이 왕이 되다""(예배 전체실황)",삼하15:1-6,2015년06월21일,송태근,저녁예배
640,"""압살롬의 귀환""(예배 전체실황)",삼하14:1-3,2015년06월07일,송태근,저녁예배
641,"""욕망""(23:28)",삼하13:1-6,2015년05월24일,송태근,저녁예배
642,"""당신이 그 사람이라""(48:38)",삼하12:7-15,2015년05월17일,송태근,저녁예배
643,"""무너지는 인생의 특징""(46:24)",삼하11:1-5,2015년05월10일,송태근,저녁예배
644,"""아람과 전쟁하는 다윗""(44:21)",삼하10:1-6,2015년05월03일,송태근,저녁예배
645,"""하나님 나라와 장애인""(36:58)",삼하9:1-8,2015년04월26일,송태근,저녁예배
646,"""잘 되는 사람""(44:56)",삼하8:1-8,2015년04월19일,송태근,저녁예배
647,"""하나님의 계시""(35:13)",삼하7:1-9,2015년04월12일,송태근,저녁예배
648,"""돌아온 법궤""(46:26)",삼하6:16-23,2015년04월05일,송태근,저녁예배
649,"""세 번의 기름 부음""(48:08)",삼하5:1-4,2015년03월29일,송태근,저녁예배
650,"""사울의 아들들""(40:42)",사무엘하4:1-4,2015년03월22일,송태근,저녁예배
651,"""아브넬의 협상과 배반""(53:00)",삼하3:1-11,2015년03월15일,송태근,저녁예배
652,"""드러나는 왕국 실체""(31:02)",삼하2:1-11,2015년03월08일,송태근,저녁예배
653,"""아말렉 사람의 거짓""(41:38)",삼하1:1-10,2015년02월22일,송태근,저녁예배
654,"""표적""(34:55)",막16:14-20,2015년02월15일,송태근,저녁예배
655,"""믿지도 않고 말도 못하고""(39:30)",막16:9-13,2015년02월08일,송태근,저녁예배
656,"""갈릴리의 약속""(38:26)",막16:1-8,2015년02월01일,송태근,저녁예배
657,"""하나님의 나라를 기다리는 자""(40:41)",막15:42-47,2015년01월25일,송태근,저녁예배
658,"""찢어지는 휘장""(32:59)",막15:33-41,2015년01월18일,송태근,저녁예배
659,"""십자가로 가시는 예수님""(41:56)",막15:21-32,2015년01월11일,송태근,저녁예배
660,"""빌라도의 심문""(48:17)",막15:1-5,2015년01월04일,송태근,저녁예배
661,"""배반의 밤""(30:43)",막14:43-51,2014년12월28일,송태근,저녁예배
662,"""겟세마네의 기도""(32:23)",막14:32-40,2014년12월21일,송태근,저녁예배
663,"""일꾼의 세가지 기준""(42:49)",막14:27-31,2014년12월14일,송태근,저녁예배
664,"""옥합을 깨뜨린 여인""(37:11)",막14:1-9,2014년12월07일,송태근,저녁예배
665,"""마지막 날에""(31:28)",막13:1-8,2014년11월30일,송태근,저녁예배
666,"""가난한 과부의 헌금""(43:42)",막12:41-44,2014년11월23일,송태근,저녁예배
667,"""산 자의 주님""(37:42)",막12:18-27,2014년11월09일,송태근,저녁예배
668,"""형상과 글""(45:46)",막12:13-17,2014년11월02일,송태근,저녁예배
669,"""건축자들의 버린 돌""(40:42)",막12:1-12,2014년10월19일,송태근,저녁예배
670,"""무슨 권세로?""(35:50)",막11:27-33,2014년10월12일,송태근,저녁예배
671,"""열매를 맺는 세가지 조건""(39:46)",막11:20-25,2014년10월05일,송태근,저녁예배
672,"""열매 없는 나무""(41:16)",막11:12-14,2014년09월21일,송태근,저녁예배
673,"""주가 쓰시려면""(50:02)",막11:1-10,2014년09월14일,송태근,저녁예배
674,"""너를 부르신다""(42:19)",막10:46-52,2014년09월07일,송태근,저녁예배
675,"""예루살렘으로 가는 길""(46:38)",막10:32-34,2014년08월24일,송태근,저녁예배
676,"""한가지 부족한 것""(37:19)",막10:17,2014년08월17일,송태근,저녁예배
677,"""결혼의 신비""(45:08)",막10:1-12,2014년08월10일,송태근,저녁예배
678,"""교회를 넘어 예수에게로""(36:27) 2",막9:43-50,2014년08월03일,송태근,저녁예배
679,"""금하지 말라""(47:30)",막9:38-42,2014년07월27일,송태근,저녁예배
680,"""누가 큰 자입니까?""(46:05)",막9:33-34,2014년07월20일,송태근,저녁예배
681,"""귀신들린 세상""(38:32)",막9:14-24,2014년07월13일,송태근,저녁예배
682,"""산 위에서 변화""(43:17) 2",막9:2-8,2014년07월06일,송태근,저녁예배
683,"""도심속의 고백""(36:53)",막8:27-33,2014년06월29일,송태근,저녁예배
684,"""다시 만져주시는 예수님""(41:14)",막8:22-26,2014년06월22일,송태근,저녁예배
685,"""누룩""(39:51)",막8:14-21,2014년06월15일,송태근,저녁예배
686,"""멀리서 온 사람들""(44:15)",막8:1-9,2014년06월08일,송태근,저녁예배
687,"""에바다""(41:03)",막7:32-35,2014년05월18일,송태근,저녁예배
688,"""상 아래 개들""(38:55)",막7:24-30,2014년05월11일,송태근,저녁예배
689,"""게네사렛의 치유""(32:28)",막6:53-56,2014년05월04일,송태근,저녁예배
690,"""무엇이 풍랑인가?""(39:40)",막6:45-52,2014년04월27일,송태근,저녁예배
691,"""헤롯과 우리의 무력함""(44:11)",막6:14-16,2014년04월20일,송태근,저녁예배
692,"""열두 제자를 파송하시다""(45:42)",막6:7-13,2014년04월13일,송태근,저녁예배
693,"""고향 사람들""(39:58)",막6:1-7,2014년04월06일,송태근,저녁예배
694,"""누가 내게 손을 대었는가?""(39:18)",막5:25-34,2014년03월30일,송태근,저녁예배
695,"""사슬에 묶인 인생""(49:01)",막5:1-6,2014년03월23일,송태근,저녁예배
696,"""그가 누구이기에""(43:43)",막4:35-41,2014년03월16일,송태근,저녁예배
697,"""새로운 가족""(50:37) 2",막3:31-35,2014년03월09일,송태근,저녁예배
698,"""세상을 향한 예수님의 전략""(25:30)",막3:13-19,2014년03월02일,송태근,저녁예배
699,"""예수인가, 종교인가""(42:37)",막2:23-3:6,2014년02월23일,송태근,저녁예배
700,"""인간의 조건""(50:15)",막2:13-17,2014년02월16일,송태근,저녁예배
701,"""어느 것이 쉽겠느냐?""(39:39)",막2:9,2014년02월09일,송태근,저녁예배
702,"""산 새 두 마리""(38:30)",막1:40-45,2014년02월02일,송태근,저녁예배
703,"""예수님의 하루""(42:43)",막1:35-39,2014년01월26일,송태근,저녁예배
704,"""캠퍼스선교를 열망해야할 4가지 이유""(36:50)",요한복음10:16,2014년01월19일,송태근,저녁예배
705,"""예수님의 심방""(48:16)",막1:29-31,2014년01월12일,송태근,저녁예배
706,"""새 교훈""(49:20)",막1:21-28,2014년01월05일,송태근,저녁예배
707,"""나를 따라오라""(42:33)",막1:14-20,2013년12월29일,송태근,저녁예배
708,"""광야의 시험""(48:50)",막1:12-13,2013년12월22일,송태근,저녁예배
709,"""예수님 세례에 나타난 세가지 특징""(29:58)",막1:8-11,2013년12월08일,송태근,저녁예배
710,"""빈 들에 서 있는 사람""(40:31)",막1:1-7,2013년11월24일,송태근,저녁예배
711,"""네 몫을 누려라""(44:32)",단12:1-13,2013년11월17일,송태근,저녁예배
712,"""하나님의 역사 경영""(44:57)",단11:1-4,2013년11월10일,송태근,저녁예배
713,"""힛데겔 강변의 환상""(55:43)",단10:1-9,2013년11월03일,송태근,저녁예배
714,"""칠십 이레""(42:49)",단9:20-27,2013년10월27일,송태근,저녁예배
715,"""응답 받고 드린 기도""(36:37)",단9:1-6,2013년10월20일,송태근,저녁예배
716,"""염소와 양""(46:58)",단8:1-8,2013년10월13일,송태근,저녁예배
717,"""네 짐승의 환상""(42:15)",단7:1-8,2013년09월29일,송태근,저녁예배
718,"""격변기속에 성도의 자세""(46:02)",단6:1-10,2013년09월15일,송태근,저녁예배
719,"""벽에 쓰여지는 글씨""(45:01)",단5:1-9,2013년09월08일,송태근,저녁예배
720,"""한 순찰자""(45:01)",단4:1-7,2013년09월01일,송태근,저녁예배
721,"""왕의 명령""(36:48)",단3:1-7,2013년08월25일,송태근,저녁예배
722,"""2013년 여름선교 보고""(01:12:31)",저녁예배,2013년08월18일,송태근,저녁예배
723,"""꿈을 해석하라""(39:48) 4",단2:1-13,2013년08월11일,송태근,저녁예배
724,"""다니엘과 세 친구(2)""(51:43)",단1:8-16,2013년08월04일,송태근,저녁예배
725,"""다니엘과 세 친구(1)""(46:07)",단1:1-7,2013년07월28일,송태근,저녁예배
726,"""사랑밖에 난 몰라""(48:22)",호13:16-14:9,2013년07월21일,송태근,저녁예배
727,"""자기를 높인 죄""(46:07)",호13:1-15,2013년07월14일,송태근,저녁예배
728,"""야곱처럼, 에서처럼""(1:00:48)",호12:1-14,2013년06월30일,송태근,저녁예배
729,"""길고 긴 기다림""(56:14)",호11:1-12,2013년06월23일,송태근,저녁예배
730,"""묵은 땅을 기경하라""(40:15)",호10:12-15,2013년06월16일,송태근,저녁예배
731,두 마음(45:18),호세아10:1-8,2013년06월09일,송태근,저녁예배
732,다시는 사랑하지 아니하리라(51:58),호9:10-17,2013년05월19일,송태근,저녁예배
733,마땅히 행할 길(28:38),잠언22:6,2013년05월12일,송태근,저녁예배
734,기브아의 시대 같이(51:58),호9:1-9,2013년05월05일,송태근,저녁예배
735,왕궁과 성읍(34:34) 1,호8:1-7,2013년04월28일,송태근,저녁예배
736,달구어진 화덕(43:49) 3,호7:1-7,2013년04월14일,송태근,저녁예배
737,힘써 여호와를 알자(41:44) 1,호세아6:1-11,2013년04월07일,송태근,저녁예배
738,그 지식(34:26) 2,호4:11-19,2013년03월31일,송태근,저녁예배
739,세 가지가 없다(32:34),호4:1-5,2013년03월17일,송태근,저녁예배
740,은총으로 나아가라(48:07),호3:1-5,2013년03월10일,송태근,저녁예배
741,소망의 문(35:05),호2:14-15,2013년03월03일,송태근,저녁예배
742,2013 겨울선교 보고(01:10:08) 2,사도행전1:8,2013년02월24일,송태근,저녁예배
743,회복을 위한 세가지 조건(46:07),호2:1-9,2013년02월17일,송태근,저녁예배
744,고멜의 세 자녀(43:06),호1:1-9,2013년02월10일,송태근,저녁예배
745,오늘 택하라(46:04),수24:15-18,2013년02월03일,송태근,저녁예배
746,마지막 부탁(44:59),수23:1-3,2013년01월27일,송태근,저녁예배
747,증거의 단(39:29),수22:23-26,2013년01월20일,송태근,저녁예배
748,레위인의 삶(35:28),수21:41-45,2013년01월13일,송태근,저녁예배
749,피난처(40:17),수20:1-6,2013년01월06일,송태근,저녁예배
750,개척하라(30:15),수17:14-18,2012년12월30일,송태근,저녁예배
751,땅 분배에 나타난 하나님의 사랑(39:17),수15:13-19,2012년12월23일,송태근,저녁예배
752,시대의 역할(37:57),여호수아14:6-12,2012년12월09일,송태근,저녁예배
753,하나님이 기업이시다(29:18),여호수아13:6,2012년12월02일,송태근,저녁예배
754,"이 편, 저 편(43:07)",수12:1-6,2012년11월18일,송태근,저녁예배
755,전쟁이 그치다(39:23),수11:21-23,2012년10월28일,송태근,저녁예배
756,계속되어야 할 정복(17:11),수10:16-21,2012년10월21일,송태근,저녁예배
757,피하고 싶은 일 속에 섭리가 있다(42:37),수10:1-5,2012년10월14일,송태근,저녁예배
758,기브온과의 약속(40:36),수9:1-6,2012년10월07일,송태근,저녁예배
759,에발산 복음(35:57),수8:30-35,2012년9월30일,송태근,저녁예배
760,복병하라(40:06),수8:1-9,2012년9월23일,송태근,저녁예배
761,죄의 세가지 경로(43:51),수7:8-15,2012년9월16일,송태근,저녁예배
762,바쳐질 물건과 아이성 실패(55:07),여호수아7:1-7,2012년9월9일,송태근,저녁예배
763,평화를 선언하라(36:26),여호수아6:8-9,2012년8월26일,송태근,저녁예배
764,네 신을 벗으라(41:32),여호수아5:13-15,2012년8월19일,송태근,저녁예배
765,이 돌들이 무슨 뜻이냐?(45:03),여호수아4:1-9,2012년8월12일,송태근,저녁예배
766,마른땅의 은혜(35:38),여호수아강해(6)여호수아3:7-17,2012년8월5일,송태근,저녁예배
767,3일의 기다림이 갖는 의미(46:24),여호수아3:1-6,2012년7월29일,송태근,저녁예배
768,붉은 줄(41:41),여호수아2:12-24,2012년7월22일,송태근,저녁예배
769,기생과 스파이(58:27),여호수아2:1-7,2012년7월15일,송태근,저녁예배
770,요단을건널준비(39:00),여호수아1:10~18,2012년7월8일,송태근,저녁예배
771,점령인가 순종인가(31:33),여호수아1:8,2012년7월1일,송태근,저녁예배
772,자기의 소견에 옳은 대로’,사사기21:1-25,2020년07월22일,송태근,수요예배
773,의견과 방책을 내라’,사사기20:1-7,2020년07월15일,송태근,수요예배
774,'불량한 인생',사사기19:16-30,2020년07월08일,송태근,수요예배
775,'답이 없는 이스라엘',사사기19:1-10,2020년07월01일,송태근,수요예배
776,약육강식<弱肉强食>’,사사기18:21-31,2020년06월24일,송태근,수요예배
777,그때까지 기업을 분배 받지 못함’,사사기18:1-12,2020년06월17일,송태근,수요예배
778,미가의 집에 있는 레위인’,사사기17:1-13,2020년06월10일,송태근,수요예배
779,다시 자라는 삼손의 머리카락’,사사기16:23-31,2020년06월03일,송태근,수요예배
780,삼손의 힘의 비밀’,사사기16:1-9,2020년05월27일,송태근,수요예배
781,역사의 블랙 코미디’,사사기15:1-6,2020년05월20일,송태근,수요예배
782,삼손의 결혼(2)’,사사기14:1-10,2020년05월13일,송태근,수요예배
783,삼손의 결혼’,사사기14:1-9,2020년05월06일,송태근,수요예배
784,삼손과 출생의 비밀(2)’,사사기13:6-14,2020년04월29일,송태근,수요예배
785,삼손과 출생의 비밀(1)’,사사기13:1-5,2019년12월18일,송태근,수요예배
786,입다의 죽음’,사사기12:1-7,2019년12월11일,송태근,수요예배
787,입다’,사사기11:1-11,2019년12월04일,송태근,수요예배
788,사사 입다’,사사기10:1-18,2019년11월27일,송태근,수요예배
789,달의 몰락’,사사기9:22-29,2019년11월20일,송태근,수요예배
790,왕이 되라 하매’,사사기9:1-15,2019년11월13일,송태근,수요예배
791,왕이 되어 가는 기드온’,사사기8:22-35,2019년05월29일,송태근,수요예배
792,기드온 집의 올무’,사사기8:1-9,2019년05월22일,송태근,수요예배
793,항아리와 횃불 그리고 나팔’,사사기7:15-25,2019년05월15일,송태근,수요예배
794,삼백 용사’,사사기7:1-8,2019년05월08일,송태근,수요예배
795,세 번의 질문 세 번의 응답’,사사기6:11-18,2019년05월01일,송태근,수요예배
796,이스라엘이 또!’,사사기6:7-10,2019년04월24일,송태근,수요예배
797,드보라와 바락의 노래’,사사기5:1-7,2019년04월17일,송태근,수요예배
798,아! 드보라’,사사기4:1-10,2019년04월10일,송태근,수요예배
799,남겨진 사람들’,사사기3:1-6,2019년04월03일,송태근,수요예배
800,옆구리의 가시’,사사기2:1-5,2019년03월27일,송태근,수요예배
801,유다가 올라가라’,사사기1:1-7,2019년03월13일,송태근,수요예배
802,'사사기는 왜 기록 되었나?',사사기1:1-10,2019년03월06일,송태근,수요예배
803,'제자 삼으라',마태복음28:18-20,2016년03월09일,송태근,수요예배
804,"""그리스도안에서 완전한 자로 서라""(24:02)",골로새서1:28-29,2014년12월10일,송태근,수요예배
805,"""사울 왕국의 몰락""(37:18)",삼상31:1-6,2014년11월19일,송태근,수요예배
806,"""브솔 시냇가의 은혜""(47:11)",삼상30:21-31,2014년11월12일,송태근,수요예배
807,"""구별되어지는 다윗""(45:22)",삼상29:1-11,2014년11월12일,송태근,수요예배
808,"""신접한 여인""(56:58)",삼상28:3-14,2014년10월29일,송태근,수요예배
809,"""블레셋으로 망명""(46:56)",삼상27:1-12,2014년10월22일,송태근,수요예배
810,"""두 번째 만남""(54:08)",삼상26:1-25,2014년10월08일,송태근,수요예배
811,"""아비가일""(58:53)",삼상25:1-8,2014년10월01일,송태근,수요예배
812,"""사울의 옷 자락""(53:51)",삼상24:1-7,2014년09월24일,송태근,수요예배
813,"""다윗이 그일라를 구원하다""(43:44)",삼상23:1-14,2014년09월17일,송태근,수요예배
814,"""도엑의 고발""(48:26)",삼상22:11-23,2014년09월10일,송태근,수요예배
815,"""골리앗의 칼""(51:41)",삼상21:1-15,2014년09월03일,송태근,수요예배
816,"""다윗의 현실 인식""(48:58)",삼상20:3-4,2014년07월23일,송태근,수요예배
817,"""도망자 다윗""(41:42)",삼상19:8-16,2014년07월02일,송태근,수요예배
818,"""다윗과 요나단""(46:30)",삼상18:1-5,2014년06월25일,송태근,수요예배
819,"""사울과 다윗의 차이""(53:57) 3",삼상17:47,2014년06월18일,송태근,수요예배
820,"""평강을 위함이라""(44:53)",삼상16:1-5,2014년06월04일,송태근,수요예배
821,"""하나님의 뒤끝""(44:50)",삼상15:1-9,2014년05월14일,송태근,수요예배
822,"""요나단의 실수""(45:04)",삼상14:24-30,2014년05월07일,송태근,수요예배
823,"""기다리다 지쳐서""(47:15)",삼상13:8-15,2014년04월30일,송태근,수요예배
824,"""전환의 역사""(48:20)",삼상12:1-5,2014년04월23일,송태근,수요예배
825,"""나라를 새롭게 하라""(45:17)",삼상11:1-15,2014년04월16일,송태근,수요예배
826,"""사울왕""(47:25)",삼상10:1-9,2014년04월09일,송태근,수요예배
827,"""사무엘이 사울에게 기름 부음""(48:47)",삼상9:25-27,2014년04월02일,송태근,수요예배
828,"""왕을 버리고 왕을 구함""(43:28)",삼상8:1-9,2014년03월26일,송태근,수요예배
829,"""미스바의 부흥""(46:49)",삼상7:1-14,2014년03월19일,송태근,수요예배
830,"""돌아오는 언약궤""(46:25) 1",삼상6:1-9,2014년03월12일,송태근,수요예배
831,"""회고와 전망""(18:06)",마태복음9:35,2014년03월05일,송태근,수요예배
832,"""빼앗긴 언약궤""(51:34)",삼상5:1-5,2014년02월05일,송태근,수요예배
833,"""궤짝인가 언약궤인가?""(53:02)",삼상4:1-11,2014년01월29일,송태근,수요예배
834,"""하나님의 부르심""(57:45)",삼상3:10-21,2014년01월01일,송태근,수요예배
835,"""사무엘과 엘리의 두 아들""(47:35)",삼상2:18-21,2013년12월18일,송태근,수요예배
836,"""하나님과 소통하라""(45:48)",삼상1:1-15,2013년12월11일,송태근,수요예배
837,"""마라나타""(57:01)",고전16:15-24,2013년11월13일,송태근,수요예배
838,"""남자답게""(52:23)",고전16:13-18,2013년11월06일,송태근,수요예배
839,"""광대하고 유효한 문""(57:45)",고전16:5-9,2013년10월23일,송태근,수요예배
840,"""연보에 관하여""(01:01:52)",고전16:1-4,2013년10월16일,송태근,수요예배
841,"""성경대로""(45:40)",고전15:1-11,2013년10월09일,송태근,수요예배
842,"""여자는 교회에서 잠잠하라(?)""(55:49)",고전14:34-37,2013년10월02일,송태근,수요예배
843,"""사랑이 제일 낫더라""(01:05:48)",고전13:1-13,2013년09월25일,송태근,수요예배
844,"""성령과 방언""(54:25)",고전12:1-8,2013년09월18일,송태근,수요예배
845,"""성령과 은사""(54:27)",고전12:1-11,2013년09월11일,송태근,수요예배
846,"""성찬식에 나타난 공동체""(55:32)",고전11:17-34,2013년09월04일,송태근,수요예배
847,"""남자 머리, 여자 머리""(41:11)",고전11:1-16,2013년07월24일,송태근,수요예배
848,"""하나님의 영광을 위함이 무엇인가?""(49:29)",고전10:23-33,2013년07월17일,송태근,수요예배
849,"""주보다 강한 자""(52:24)",고전10:14-22,2013년06월26일,송태근,수요예배
850,"""감당할 시험""(50:41)",고전10:1-13,2013년06월19일,송태근,수요예배
851,상을 받도록 달음질하라(57:16),고전9:15-24,2013년06월12일,송태근,수요예배
852,권리(49:40),고전9:1-14,2013년05월15일,송태근,수요예배
853,우상과 제물(46:15),고전8:1-13,2013년05월08일,송태근,수요예배
854,결혼과 독신(3)(37:59),고전7:25-40,2013년05월01일,송태근,수요예배
855,결혼과 독신(2) (55:01),고전7:8-16,2013년04월24일,송태근,수요예배
856,결혼과 독신(1) (59:07),고전7:1-7,2013년04월17일,송태근,수요예배
857,성령의 전(50:51) 4,고전6:12-20,2013년04월10일,송태근,수요예배
858,송사하지 마라(55:49) 1,고전6:1-11,2013년04월03일,송태근,수요예배
859,세례란 무엇인가?(37:37),베드로전서3:21,2013년03월20일,송태근,수요예배
860,교회의 거룩성(59:09),고전5:1-7,2013년03월13일,송태근,수요예배
861,만물의 찌꺼기(56:38),고전4:9-13,2013년03월06일,송태근,수요예배
862,교회의 직분이란 무엇인가?(50:32),고전4:1-5,2013년02월27일,송태근,수요예배
863,공적(48:01),고전3:10-15,2013년02월20일,송태근,수요예배
864,하나님의 집(51:08),고전3:1-9,2013년02월06일,송태근,수요예배
865,성령과 지혜(46:09),고전2:1-16,2013년01월30일,송태근,수요예배
866,십자가의 도(47:50),고전1:18-31,2013년01월09일,송태근,수요예배
867,교회의 분쟁(54:02),고전1:10-17,2013년01월02일,송태근,수요예배
868,인사와 감사(49:34),고전1:1-9,2012년12월26일,송태근,수요예배
869,고린도교회-서론(50:51),고전1:1-9,2012년12월19일,송태근,수요예배
870,마지막 인사(33:14),빌립보서4:19-23,2012년12월12일,송태근,수요예배
871,배웠노라(55:30),빌립보서4:10-20,2012년12월05일,송태근,수요예배
872,관용(40:14),빌립보서4:4-7,2012년11월28일,송태근,수요예배
873,같은 마음을 품으라(51:54),빌립보서4:1-3,2012년11월21일,송태근,수요예배
874,시민권(46:24),빌립보서3:17-21,2012년11월14일,송태근,수요예배
875,부활의 권력(42:18),빌립보서3:9-16,2012년11월07일,송태근,수요예배
876,치매 걸린 개의 특징(48:47),빌립보서3:1-9,2012년10월31일,송태근,수요예배
877,기쁨도 연습하라(54:36),빌립보서3:1,2012년10월24일,송태근,수요예배
878,향수병(51:43),빌립보서2:19-30,2012년10월17일,송태근,수요예배
879,떨림으로 구원을 이루라(55:22),빌립보서2:12-18,2012년9월19일,송태근,수요예배
880,위대한 반전(52:47),빌립보서2:9-11,2012년9월12일,송태근,수요예배
881,낮아지심은(49:44),빌립보서2:5-8,2012년8월29일,송태근,수요예배
882,기쁨을 충만하게 하려면(48:19),빌립보서2:1-5,2012년8월22일,송태근,수요예배
883,복음에 합당한 생활이란(53:30),빌립보서1:27-30,2012년8월15일,송태근,수요예배
884,죽음의 세가지 유익(01:02:45),빌립보서1:15-21,2012년8월1일,송태근,수요예배
885,바울의 세가지 기도(58:29),빌립보서1:9-15,2012년7월25일,송태근,수요예배
886,착한일을 시작하신분(48:29),빌립보서1:3-11,2012년7월18일,송태근,수요예배
887,은혜와평강(46:34),빌립보서1:1~2,2012년7월11일,송태근,수요예배
