,제목,본문,날짜
0,다시 한 걸음,시편 40:1-3,2020-09-13
1,괴로운 날의 기도,시편 102:1-11,2020-09-06
2,오직 주님께 소망이,스바냐 3:17-20,2020-08-30
3,가나안에서도 승리하려면,신명기 8:11-16,2020-08-23
4,광복을 누리려면,출애굽기 12:26-27,2020-08-16
5,소명,출애굽기 3:10-12,2020-08-09
6,하나님께서 쓰신 사람,출애굽기 2:10-12,2020-08-02
7,감사를 잊지 맙시다,사무엘상 25:39-42,2020-07-26
8,위기의 때를 준비하시는 하나님,출애굽기 2:1-10,2020-07-19
9,담대하게 살자,"요한복음 16:1-3,33",2020-07-12
10,영적인 가치로 산 요셉,히브리서 11:22,2020-07-05
11,얍복 나룻터에서,창세기 32:24-30,2020-06-28
12,축복하는 믿음의 사람,창세기 28:1-4,2020-06-21
13,신앙인의 불신앙,창세기 16:1-3,2020-06-14
14,나라를 새롭게 하자,사무엘상 11:14-15,2020-06-07
15,성경적인 연애와 결혼,마태복음 19:4-6,2020-05-31
16,성경적인 부부생활,골로새서 3:18-19,2020-05-24
17,행복한 가정이 되려면,시편 128:1-6,2020-05-17
18,"부모 공경, 왜? 어떻게?",신명기 5:16,2020-05-10
19,가장 귀한 유산,요엘 1:1-3,2020-05-03
20,가나안에 가려면,창세기 12:5,2020-04-26
21,예수님의 양식은?,요한복음 4:32-34,2020-04-19
22,부활소망,고린도전서 15:20,2020-04-12
23,나귀새끼와 그 임자들,누가복음 19:28-36,2020-04-05
24,절대순종,히브리서 5:8-10,2020-03-29
25,광야를 지나야,신명기 8:11-16,2020-03-22
26,나의 길을 아시는 주,욥기 23:10,2020-03-15
27,포로생활 중의 신앙,시편 137:1-9,2020-03-08
28,함께 하시는 하나님,이사야 41:10,2020-03-01
29,여호와는 나의 피난처,시편 91:1-16,2020-02-23
30,복음에 합당한 삶,에베소서 4:1-6,2020-02-16
31,복음에 합당한 삶,빌립보서 1:27-30,2020-02-09
32,최후의 일각까지 해야할 일,디모데후서 4:5,2020-02-02
33,하나님의 계획,예레미야 29:1-14,2020-01-26
34,여호와 이레,창세기 22:1-14,2020-01-26
35,주께서 받으실만한 것으로,말라기 1:6-10,2020-01-19
36,예배의 성공자,창세기 8:20-22,2020-01-12
37,구하면 내가 시행하리라,요한복음 14:14,2020-01-05
38,이상적인 교회,사도행전 2:41-47,2019-12-29
39,사람이 떡으로만 살 것 아니요,마태복음 4:4,2019-12-29
40,화해,마태복음 6:14-15,2019-12-22
41,여호와의 열심,이사야 9:6-7,2019-12-15
42,산 소망,베드로전서 1:3-4,2019-12-08
43,기다리는 신앙,마태복음 25:1-13,2019-12-01
44,거센 파도를 넘어가라,마태복음 14:22-33,2019-11-24
45,우리 손에 붙이시리라,사무엘상 17:41-54,2019-11-24
46,성령의 생각이 주는 유익,로마서 8:5-11,2019-11-24
47,신앙 교육,신명기 11:13-21,2019-11-17
48,자랑,갈라디아서 6:14,2019-11-10
49,응답받는 기도를 위한 시편,시편 116:1-9,2019-11-03
50,사랑으로,고린도전서 16:14,2019-11-03
51,감사하는 사람,골로새서 3:15,2019-10-27
52,감사할 이유,시편 118:28-29,2019-10-20
53,우리가 꿈꾸는 과연 그 교회(4),에베소서 2:10,2019-10-13
54,이것을 행하여 주를 기억하라,마태복음 26:26-28,2019-10-06
55,우리가 꿈꾸는 과연 그 교회(3),고린도후서 10:17-18,2019-09-29
56,우리가 꿈꾸는 과연 그 교회!(2),고명진 담임목사,2019-09-22
57,우리가 꿈꾸는 과연 그 교회!,사도행전 2:42-47,2019-09-15
58,왜 다윗을 택하셨는가?,사도행전 13:21-23,2019-09-08
59,도시에서 광야로,"사도행전 8:8-13,26",2019-09-01
60,세 가지 메시지,요한복음 20:19-22,2019-08-25
61,이 사람의 믿음,사도행전 14:8-12,2019-08-18
62,우도성경,로마서 8:26,2019-08-18
63,자유하라,창세기 13:1-13,2019-08-11
64,마음을 야훼께 두면,예레미야 17:5-8,2019-08-04
65,위기 극복의 비결,다니엘 2:14-19,2019-07-28
66,큰 거리 보다 골방에서,마태복음 6:5-10,2019-07-21
67,지혜로운 건축,고린도전서 3:10-15,2019-07-14
68,맥추절을 지키라,출애굽기 23:14-17,2019-07-07
69,은혜와 비극의 길목에서,요한복음 5:1-9,2019-06-30
70,하나님의 바른 지혜자,전도서 2:22-26,2019-06-30
71,후회와 기회,누가복음 16:19-31,2019-06-30
72,하나되기 위하여(6.25 69주년),요한복음 4:1-9,2019-06-23
73,지혜로운 인생,잠언 27:1-8,2019-06-16
74,예수님의 초청,마태복음 11:28,2019-06-09
75,교회의 가치,에베소서 2:10,2019-06-02
76,행복한 부부,에베소서 5:22-33,2019-05-26
77,예수님 같은 스승,요한복음 13:12-15,2019-05-19
78,부모를 공경하라,신명기 5:16,2019-05-12
79,아이에게 가르칠 이유,잠언 22:1-6,2019-05-05
80,베드로의 깨달음,사도행전 10:34-35,2019-04-28
81,부활을 믿는 사람,고린도전서 15:12-19,2019-04-21
82,침례 요한처럼,누가복음 7:28,2019-04-14
83,마리아처럼,누가복음 10:42,2019-04-07
84,고넬료,"사도행전 10:1-4,22",2019-03-31
85,내 인생의 BC와 AD,사도행전 9:20-31,2019-03-24
86,다메섹에서의 바울,사도행전 9:10-19,2019-03-17
87,빌립,사도행전 8:5-8,2019-03-10
88,스데반,사도행전 7:55-60,2019-03-03
89,자유,누가복음 4:18,2019-02-24
90,대형교회 문제 어떻게 해결할까?,사도행전 6:1-7,2019-02-17
91,하나님 가족 안에 속하는 유익,베드로전서 1:3-9,2019-02-17
92,누가 진실한 제자인가?,사도행전 5:41-42,2019-02-10
93,성도는 어떻게 살아야 하는가?,로마서 12:3-8,2019-02-03
94,믿음이 없는 세대여,마가복음 9:18-24,2019-02-03
95,가치를 아는 인생,마태복음 19:16-22,2019-02-03
96,성령의 사람들,사도행전 4:17-21,2019-01-27
97,예수! 그 이름의 능력,사도행전 3:1-10,2019-01-20
98,최초의 교회,사도행전 2:1-4,2019-01-13
99,예수님을 깊이 생각하며 삽시다,히브리서 3:1,2019-01-06
100,예수를 바라보자,히브리서 12:1-2,2018-12-30
101,목자들의 성탄,누가복음 2:8-20,2018-12-23
102,서원,사무엘상 1:9-11,2018-12-16
103,초대교회로 돌아갑시다,사도행전 2:38-41,2018-12-09
104,에벤에셀,사무엘상 7:12-17,2018-12-02
105,육체의 한계를 뛰어 넘는 기적,역대하 14:1-13,2018-11-25
106,찬양의 능력,히브리서 13:15-16,2018-11-25
107,세월을 아끼라,에베소서 5:15-16,2018-11-25
108,첫 사랑의 중요성,요한계시록 2:1-7,2018-11-18
109,기브롯 핫다와가 주는 교훈,민수기 11:34,2018-11-11
110,광야에서 승리하려면,민수기 11:1-7,2018-11-04
111,다니엘의 감사,다니엘 6:10,2018-10-28
112,무엇 보다 소중한 생명,누가복음 12:13-15,2018-10-21
113,풍성한 생명을 얻으려면,요한복음 10:10,2018-10-14
114,거룩한 자원,누가복음 5:1-11,2018-10-07
115,폭풍으로의 초대(2),마태복음 14:25-32,2018-10-07
116,나는 두렵지 않다,이사야 41:10,2018-10-07
117,행복한 사람,신명기 33:29,2018-09-30
118,해피 추석,신명기 16:13-15,2018-09-23
119,여호와의 구원을 보라,출애굽기 14:13-16,2018-09-16
120,살기 위하여,에스겔 18:30-32,2018-09-09
121,사랑하며 삽시다,요한일서 4:7-12,2018-09-02
122,교회를 돕는 교회,사도행전 11:27-30,2018-08-26
123,요한이 전한 메시지,누가복음 3:18-20,2018-08-19
124,빈 들에서 하나님의 말씀을 듣다,누가복음 3:1-6,2018-08-12
125,의사 예수님의 방문,요한계시록 2:1-5,2018-08-05
126,예수님이 필요한 이유,요한복음 5:19-29,2018-08-05
127,힘써 여호와를 알자,호세아 6:1-3,2018-07-29
128,은혜의 삼중주,요한복음 1:14-18,2018-07-29
129,베데스다 연못의 교훈,요한복음 5:5-9,2018-07-29
130,교회의 사명,마태복음 5:13-14,2018-07-22
131,당신의 소망은 어디에?,디모데전서 6:17-19,2018-07-15
132,진정한 친구는?,요한복음 15:13-15,2018-07-08
133,오직 주의 은혜로,누가복음 19:1-10,2018-07-01
134,우리가 어찌할꼬,사도행전 2:37-41,2018-07-01
135,고난을 이기는 지혜,창세기 41:25-36,2018-07-01
136,자유와 평화,이사야 2:1-5,2018-06-24
137,세계 선교사에 빛나는 교회,사도행전 11:19-26,2018-06-17
138,화목하며 살아야 할 우리,고린도후서 5:17-21,2018-06-10
139,죄를 이겨라,창세기 3:4-5,2018-06-03
140,하나님의 시간(Timing),사도행전 7:17,2018-06-03
141,고잉 홈(going home),히브리서 11:13-16,2018-05-27
142,삶으로 가르치는 스승,마태복음 5:19,2018-05-20
143,생명을 건 효(孝),룻기 1:15-18,2018-05-13
144,그 세대와 다른 세대,사사기 2:10-15,2018-05-06
145,생명을 선택합시다,신명기 30:15-20,2018-04-29
146,경건한 삶,야고보서 1:26-27,2018-04-22
147,부하고 풍족하고 윤택한 삶,잠언 11:24-25,2018-04-15
148,하나님의 영광을 위하여,고린도전서 10:23-33,2018-04-08
149,부활을 믿는 자,고린도전서 15:19-22,2018-04-01
150,종려주일과 헌신,누가복음 19:28-40,2018-03-25
151,보물을 어디에 쌓으십니까?,마태복음 6:19-25,2018-03-18
152,하나님 앞에서,열왕기상 9:1-9,2018-03-11
153,왜 성경교육인가?,디모데후서 3:14-17,2018-03-04
154,예수님의 가르침,마태복음 7:28-29,2018-02-25
155,사랑으로 섬기면,마태복음 20:28,2018-02-18
156,주는 것이 받는 것 보다 복이 있다,누가복음 6:38,2018-02-11
157,전도하면,마가복음 1:35-39,2018-02-04
158,부르짖어 기도하면,시편 142:1~7,2018-01-28
159,말씀대로 살면..,신명기 4:1~6,2018-01-21
160,시대를 분변하라,누가복음 12:54~59,2018-01-14
161,소명-궁극적인 존재 목적,에베소서 2:8~10,2018-01-07
162,오메가 포인트,로마서 6:21~23,2017-12-31
163,동방박사들의 크리스마스,마태복음 2:1~11,2017-12-24
164,마리아의 성탄준비,누가복음 1:26~38,2017-12-17
165,기다림,마태복음 11:1~6,2017-12-10
166,헤브론을 아십니까?,사무엘하 2:1~7,2017-12-03
167,보여주시는 이유,요한복음 9:1~7,2017-11-26
168,참된 믿음,이사야 26:3,2017-11-26
169,믿음이란?,누가복음 17:11~19,2017-11-19
170,뵈뵈,로마서 16:1~2,2017-11-12
171,수로보니게 여인의 믿음,마가복음 7:24~30,2017-11-05
172,감사하며 삽시다,골로새서 3:15~17,2017-10-29
173,지상명령,마태복음 28:18~20,2017-10-22
174,이 성중에 있는 내 백성을 구원하라,사도행전 18:5~11,2017-10-15
175,바나바를 아십니까?,사도행전 9:23~31,2017-10-08
176,예수님을 만난 사울,사도행전 9:1~9,2017-10-01
177,갈등에서 화평으로,"여호수아 22:10~12, 28~30",2017-09-24
178,폭풍으로의 초대,마태복음 14:22~27,2017-09-24
179,하찮은 음식,민수기 21:4~9,2017-09-24
180,나를 더 사랑하느냐?,요한복음 21:15,2017-09-17
181,너희는 나를 누구라 하느냐?,마태복음 16:13~20,2017-09-10
182,성령의 사람 - 빌립,사도행전 8:26~40,2017-09-03
183,스데반,사도행전 6:8~15,2017-08-27
184,교회의 일꾼 세우기,사도행전 6:1~7,2017-08-20
185,어려운 일 앞에서,사무엘상 1:4~10,2017-08-13
186,영원한 생명,요한복음 17:3,2017-08-13
187,의인으로 살아가려면,하박국 2:1~4,2017-08-13
188,교회의 거룩성,사도행전 5:1~11,2017-08-06
189,성령 충만한 교회,사도행전 4:31~37,2017-07-30
190,열방이 기뻐하게 하라,사도행전 2:9~13,2017-07-23
191,보혜사 - 파라클레토스,요한복음 14:15~18,2017-07-16
192,성령의 권능으로,"사도행전 1:1~5,8",2017-07-09
193,성령으로,고린도전서 12:3,2017-07-02
194,역사를 보는 눈,출애굽기 2:1~10,2017-06-25
195,멋진 인생,창세기 29:31~35,2017-06-18
196,그리스도의 편지,"사도행전 15:30~31, 고린도후서 3:3",2017-06-18
197,갈등해소,누가복음 10:38~42,2017-06-11
198,예수님과 함께?,마태복음 8:23~27,2017-06-04
199,세상의 고통과 하나님의 뜻,고린도후서 6:10,2017-05-28
200,결혼,창세기 24:61~67,2017-05-21
201,엘리 가정의 복과 재앙,사무엘상 2:27~30,2017-05-14
202,신성한 약속,누가복음 5:1~11,2017-05-07
203,어린아이와 같이,마가복음 10:15~18,2017-05-07
204,잔칫집 같은 교회,요한복음 2:1~4,2017-04-30
205,오해에서 이해로,사무엘하 10:1~5,2017-04-30
206,장차 게바라 하리라,요한복음 1:42,2017-04-30
207,수단과 목적,신명기 11:18~25,2017-04-23
208,생기야 불어라,에스겔 37:1~10,2017-04-16
209,부활의 증인,마가복음 16:14~18,2017-04-16
210,십자가의 신비한 사랑,요한복음 19:23~30,2017-04-09
211,이 여자가 행한 일,마가복음 14:1~11,2017-04-09
212,다음 세대,열왕기하 20:16~19,2017-04-02
213,예닮의 신화 오병이어,마가복음 6:38~44,2017-04-02
214,영생을 얻으려면,마가복음 10:17~22,2017-03-26
215,교회의 비밀,에베소서 3:9~11,2017-03-26
216,하나님 나라 탈환 작전,창세기 3:15,2017-03-26
217,포도원을 지킨 나봇,열왕기상 21:4~10,2017-03-19
218,아버지와 아들,누가복음 15:31~32,2017-03-19
219,흔드시는 이유,신명기 32:11,2017-03-19
220,찬송하게 하려함,이사야 43:21,2017-03-12
221,인생 레슨,창세기 39:2~5,2017-03-05
222,새 것,고린도후서 5:17~19,2017-03-05
223,너는 눈을 높이 들어,이사야 40:25~27,2017-02-26
224,내 삶의 '주어',창세기 50:15~21,2017-02-26
225,앞 서 가진 예수님,누가복음 9:22~27,2017-02-26
226,너희는 나를 누구라 하느냐?,마태복음 16:15,2017-02-19
227,준비된 잔치,누가복음 14:16~23,2017-02-12
228,불신자가 신자에게,누가복음 10:29~37,2017-02-12
229,준비된 잔치,누가복음 14:16~23,2017-02-12
230,한 영혼의 가치,마가복음 5:17~20,2017-02-05
231,행복한 설이 되려면,에베소서 2:14~19,2017-01-29
232,복 있는 사람,시편 144:12~15,2017-01-22
233,복된 삶의 비결,창세기 12:1~9,2017-01-15
234,치우침이 없는 삶,여호수아 1:7~8,2017-01-08
235,부르짖고 찾읍시다,예레미야 29:12~13,2017-01-01
236,마구간에 오신 예수,누가복음 2:7~12,2016-12-25
237,성탄준비,마태복음 1:18~21,2016-12-18
238,두 집,마태복음 7:21~29,2016-12-11
239,열매로 알 수 있다,마태복음 7:15~20,2016-12-04
240,좁은 문,마태복음 7:13~14,2016-11-27
241,눈물의 기도를 드리자,예레미야 애가 2:18~19,2016-11-20
242,먼저 할 일,마태복음 6:33~34,2016-11-20
243,"경고에서 심판으로, 경고에서 소망으로",아모스 5:19,2016-11-20
244,대접을 받으려면,마태복음 7:12,2016-11-13
245,바람의 흔적,출애굽기 33:18~23,2016-11-06
246,바람의 흔적,출애굽기 33:18~23,2016-11-06
247,여호와께 감사하라,시편 100:1~5,2016-10-30
248,믿음을 저버리지 아니하였도다,요한계시록 2:12~17,2016-10-23
249,가을에는 수장절을,출애굽기 34:22,2016-10-23
250,감사의 힘,빌립보서 4:6,2016-10-16
251,두려워 말고 전하세요,사도행전 18:5~11,2016-10-09
252,우리의 피난처,시편 46:1~3,2016-10-02
253,앞장서라,창세기 49:8~12,2016-10-02
254,나라를 살리는 교육,열왕기하 22:1~2,2016-10-02
255,주는 것이 받는 것 보다,누가복음 6:38,2016-09-25
256,그대! 이런 사람 있는가?,디모데후서 1:1~5,2016-09-18
257,예수를 바라보자,히브리서 12:1~2,2016-09-11
258,복음에 합당한 삶,로마서 12:3~13,2016-09-04
259,다른 복음은 없습니다,갈라디아서 1:6~10,2016-08-28
260,"나그네 인생, 어떻게 살까?",베드로전서 2:11~12,2016-08-21
261,감옥 속의 찬미와 감사,골로새서 3:3~6,2016-08-14
262,Even Rahab,여호수아 2:1~14,2016-08-07
263,자기 목숨을 버리는 희생,요한복음 15:13,2016-08-07
264,하나 됨의 세 가지 결과,요한복음 17:20~23,2016-08-07
265,참된 그리스도인의 삶,출애굽기 1:8,2016-08-07
266,자아가 깨어질 때,요한복음 12:24,2016-07-31
267,왕자와 거지,스가랴 3:1~5,2016-07-31
268,약할 때 강함이라,고린도후서 12:7~10,2016-07-31
269,첫 편지,"야고보서 2:14~17,26",2016-07-24
270,눈물로 쓴 편지,고린도후서 2:1~4,2016-07-17
271,믿는 우리의 다짐,시편 127:1~2,2016-07-10
272,정한 마음을 창조하소서,시편 51:1~10,2016-07-10
273,걸음을 인도하시는 이,"잠언 16:1,9",2016-07-10
274,요한의 편지,요한일서 2:7~11,2016-07-03
275,혀의 권세,잠언 18:21,2016-06-26
276,혀의 권세,잠언 18:21,2016-06-26
277,승리의 신비,역대하 20:1~4,2016-06-19
278,하나님께서 살피시는 자,시편 101:6,2016-06-12
279,나라와 국민을 위한 삶,요한복음 18:36-38,2016-06-05
280,선택,잠언 16:33,2016-05-29
281,노아의 믿음과 삶,베드로후서 2:5,2016-05-22
282,배우는 자의 태도,갈라디아서 6:6,2016-05-15
283,부모를 공경하라,골로새서 3:20,2016-05-08
284,성경적인 자녀교육,신명기 11:18-25,2016-05-01
285,보시는 하나님의 눈,누가복음 21:1-4,2016-04-24
286,회당을 지은 백부장,누가복음 7:1~10,2016-04-17
287,제자입니까?,누가복음 14:25~30,2016-04-10
288,우리가 꿈꿔야 할 교육,잠언 1:7,2016-04-03
289,부활의 복음,고린도전서 15:12~19,2016-03-27
290,예수님 닮기,마태복음 21:10~11,2016-03-20
291,"지키라, 마음을 지키라",마태복음 6:34,2016-03-13
292,"살라, 예수님 중심으로 살라 Jesus First",요한복음 12:26,2016-03-06
293,소원을 두고 행하시는 하나님,빌립보서 2:12~13,2016-02-28
294,광야의 영성,마태복음 4:1~11,2016-02-21
295,예수님께 인정받읍시다,요한복음 요한복음 3:22~30,2016-02-21
296,천국을 침노하는 그리스도인,마태복음 11:12~19,2016-02-21
297,그의 손에 넘기시매,다니엘 1:1~2,2016-02-21
298,하나님의 사람,열왕기상 17:24,2016-02-14
299,사명,사도행전 20:24,2016-02-07
300,우리 하나님이 하십니다,시편 79:9~10,2016-01-31
301,바리새인과 세리,누가복음 18:9~14,2016-01-24
302,용서,빌레몬서 1:8~16,2016-01-17
303,사람의 미혹을 주의하라!,마태복음 24:4~5,2016-01-10
304,가나안에 들어가려면,여호수아 3:14~17,2016-01-03
305,요단강을 건너기 전에...,여호수아 3:1~6,2015-12-27
306,성탄을 준비하지 못한 사람들,마태복음 2:1~12,2015-12-20
307,요셉의 성탄준비,마태복음 1:18~25,2015-12-13
308,마리아의 성탄준비,누가복음 1:34~38,2015-12-06
309,왜? 부활대망예배인가?,누가복음 15:12~19,2015-11-29
310,기도,누가복음 11:9~13,2015-11-22
311,참된 신앙은?,마태복음 19:27~30,2015-11-15
312,어리석은 부자 비유,누가복음 12:16~21,2015-11-08
313,값진 진주 같은 천국,마태복음 13:45~46,2015-11-01
314,감사하는 사람,역대상 16:7~12,2015-10-25
315,하나님께 영광,누가복음 5:25~26,2015-10-18
316,그가 찔림으로...,이사야 53:5,2015-10-11
317,네가 낫고자 하느냐?,요한복음 5:6~8,2015-10-04
318,부자와 나사로,누가복음 16:19~31,2015-09-27
319,매일의 감사로 민족을 새롭게,시편 50:14~15,2015-09-20
320,삶으로 드리는 예배,예레미야 2:22~23,2015-09-20
321,왜 은혜인가?,베드로후서 1:2,2015-09-20
322,다가올 부흥에 대한 소망,빌립보서 3:12~14,2015-09-20
323,불의하나 지혜로운 청지기,누가복음 16:10~13,2015-09-13
324,When Neighbors Move Us,누가복음 10:25~37,2015-09-06
325,대신 죽으신 예수님,이사야 53:4~6,2015-09-06
326,사람은 누구입니까?,창세기 1:26~28,2015-08-30
327,말라기를 아십니까?,말라기 1:1~5,2015-08-23
328,학개를 아십니까?,학개 1:1~5,2015-08-16
329,호세아를 아십니까?,호세아 14:1~2,2015-08-09
330,예레미야를 아십니까?,예레미야 5:1,2015-08-02
331,다니엘을 아십니까?,다니엘 6:25~28,2015-07-26
332,이사야를 아십니까?,이사야 1:18,2015-07-19
333,다르게 보기,잠언 14:27,2015-07-12
334,첫 번째 기적에 담긴 교훈,요한복음 2:1~12,2015-07-12
335,복음의 사람 Ⅶ - 일사각오,사도행전 21:12~14,2015-07-05
336,복음의 사람 Ⅵ - 표적을 보이다,마가복음 16:15~20,2015-06-28
337,복음의 사람 Ⅴ- 위기를 극복하다,고린도후서 11:23~27,2015-06-21
338,복음의 사람 Ⅳ - 기뻐하다,사도행전 13:52,2015-06-14
339,복음의 사람 Ⅲ - 예수를 증언하다,사도행전 5:42,2015-06-07
340,어디에 처하든지,마태복음 5:13~16,2015-05-31
341,인생살이 중요한 세가지,누가복음 12:13~21,2015-05-31
342,복음의 사람 II - 성령으로 살다,사도행전 8:26,2015-05-24
343,가르침을 받는 자의 도리,갈라디아서 6:6~10,2015-05-17
344,네 부모를 공경하라,신명기 5:16,2015-05-10
345,행복한 가정 - 어린 감람나무,시편 128:1~4,2015-05-03
346,복음의 사람Ⅰ:부활을 증언하다,사도행전 2:32,2015-04-26
347,예수님께 미쳐 봅시다,사도행전 26:24~29,2015-04-19
348,그가 살아나셨다,마가복음 16:1~8,2015-04-12
349,죽음을 죽이신 분,고린도전서 15:57~58,2015-04-05
350,복음의 은혜를 계승하라,에베소서 2:7,2015-03-29
351,욕을 먹는다,에베소서 4:2,2015-03-22
352,복음 - 예수 그리스도,로마서 1:1~4,2015-03-15
353,왜 복음인가?,로마서 1:16~17,2015-03-08
354,무엇에 민감하십니까? (sense),요한복음 19:13~16,2015-03-01
355,여호사밧 왕조의 성패,역대하 20:30,2015-02-22
356,소망,로마서 15:13,2015-02-15
357,목적에 합당한 삶,에베소서 2:8~10,2015-02-08
358,사랑은 섬김이다,마태복음 20:28,2015-02-01
359,최후의 부탁,디모데후서 4:1~5,2015-01-25
360,미스바,사무엘상 7:3~11,2015-01-18
361,므리바,민수기 20:7~13,2015-01-11
362,비전의 신을 신고,여호수아 1:1~4,2015-01-04
363,어리석은 부자,누가복음 12:16-21,2014-12-28
364,진정한 성탄 준비,"누가복음 2:25~27, 36~38",2014-12-21
365,열 처녀 비유,마태복음 25:1~13,2014-12-14
366,당신에게 천국은?,마태복음 13:44~46,2014-12-07
367,"나중 된 자 먼저 되고, 먼저 된 자 나중 된다",마태복음 20:13~16,2014-11-30
368,하나님을 향한 꼭 기억해야할 세 가지,디모데후서 1:6~8,2014-11-30
369,감사하라,신명기 16:13~17,2014-11-23
370,전심으로 감사하라,시편 138:1-8,2014-11-23
371,준비하라,고린도후서 6:2,2014-11-16
372,기도하라 !,디모데전서 2:8,2014-11-09
373,기대하라,사도행전 2:17,2014-11-02
374,"예수, 세상을 놀라게 한 분",마태복음 7:28~29,2014-10-26
375,"예수, 세상을 바꾼 사람",마가복음 3:13~15,2014-10-19
376,"예수, 대속자 그리고 치료자",이사야 53:4~6,2014-10-12
377,"예수, 위대한 스승",요한복음 1:38,2014-10-05
378,예수님이 희망 우리가 희망,사도행전 1:8,2014-09-28
379,힘내 !,마태복음 9:9,2014-09-21
380,희망은 있습니다,마가복음 1:1,2014-09-14
381,예수님은 누구신가?,요한복음 4:10,2014-09-07
382,하나님과 먼저 화목하라,레위기 3:1-17,2020-09-15
383,하나님 자녀의 정체성을 확인하십시오,요한일서 2:12-17,2020-09-06
384,오늘도 구원으로 부르시는 하나님,디모데전서 2:4,2020-08-30
385,너는 내게 부르짖으라,예레미야 33:3,2020-08-23
386,최고의 사랑,마태복음 22:34-40,2020-08-16
387,하나님의 사랑 그리고 선교,"요나 1:1-2, 4:11",2020-08-09
388,겨울무지개,마태복음 14:22-27,2020-08-02
389,발을 착고에 든든히 채웠더니,사도행전 16:16-25,2020-07-26
390,믿음으로 돌을 옮겨놓을 때,요한복음 11:38-41,2020-07-19
391,이미 주신 은혜,에베소서 1:17-18,2020-07-12
392,"그리스도인, 이제 어떻게 살 것인가?",시편 23:1-6,2020-06-21
393,나중까지 견디는 자,마태복음 10:22-33,2020-06-14
394,하나님의 눈으로,창세기,2020-06-07
395,내버려 두실 때,로마서 1:28-32,2020-05-31
396,호흡이 있는 자마다,시편 150:6,2020-05-24
397,또 나타내신 예수님,요한복음 21:1-14,2020-05-17
398,한편 손 마른 사람,마가복음 3:1-6,2020-05-10
399,믿음의 자녀,역대상 4:9-10,2020-05-03
400,반드시 이룰 것임이니라,열왕기상 13:29-32,2020-04-26
401,복음의 핵심,갈라디아서 2:11-16,2020-04-19
402,부활소망,고린도전서 15:20,2020-04-12
403,십자가를 바라보며,빌립보서 3:7-9,2020-04-05
404,올바른 신앙으로 돌아서라,디모데후서 3:1-5,2020-03-29
405,눈여겨 보라,빌립보서 3:17-21,2020-03-22
406,일어나라,디모데후서 1:1-8,2020-03-15
407,현실보다 약속,창세기 24:7-8,2020-02-23
408,하나님을 찾으면~,이사야 55:6,2020-02-16
409,새로운 전환점,마가복음 9:14-23,2020-02-09
410,기도하라,빌립보서 1:8-9,2020-02-02
411,무엇을 기도할까?,에베소서 1:15-19,2020-01-26
412,성령충만한 삶,에베소서 5:18-22,2020-01-19
413,처음 밟는 길,여호수아 3:1-7,2020-01-13
414,큰 비의 소리,열왕기상 18:41-46,2020-01-05
415,예수의 이름으로 기도하라,요한복음 16:23-27,2019-12-29
416,우리 곁에 오신 말씀,요한복음 1:14,2019-12-22
417,기쁨의 찬양,누가복음 1:39:45,2019-12-15
418,무서워말라,누가복음 12:28-34,2019-12-08
419,하나님의 자녀 됨을 상실하면,사사기 16:23-31,2019-12-01
420,새 일을 행하시는 하나님,이사야 43:15-23,2019-11-24
421,준비하는 성도,마태복음 25:1-13,2019-11-17
422,중앙예닮학교 헌신예배,디모데후서 3:15-17,2019-11-10
423,그리스도의 일꾼,고린도전서 4:1-2,2019-11-03
424,감사의 제사,시편 50:23,2019-10-27
425,나는 복음에 빚진 자입니다,로마서 1:14,2019-10-20
426,본토 아비 집을 떠나는 삶,창세기 12:1-3,2019-10-13
427,지금은 두 떼나 이루었나이다,창세기 32:10,2019-10-06
428,항상 인도함 받는 복은?!,이사야 58:9-11,2019-09-29
429,오라! 꿈꾸는 세대여~,창세기 37:18-24,2019-09-22
430,무엇을 남기시겠습니까?,고린도후서 3:1-3,2019-09-15
431,한적한 곳으로,마가복음 1:35-39,2019-09-08
432,기쁘신 뜻을 위하여,빌립보서 2:13,2019-09-01
433,가장 중요한 만남,사도행전 3:1-10,2019-08-20
434,복음에 합당하게,빌립보서 1:27-30,2019-08-11
435,사마리아 여인,요한복음 4:3-9,2019-08-04
436,선교는 만남입니다,마가복음 4:35-41,2019-07-28
437,인내하라,요한계시록 3:7-13,2019-07-21
438,기도해주세요,다니엘 6:10,2019-07-14
439,양식 이상의 양식,요한복음 6:1-15,2019-07-07
440,광풍을 만났을 때,마가복음 4:35-41,2019-06-30
441,"한 몸, 한 성령, 한 소망",에베소서 4:1-6,2019-06-23
442,찬양 콘서트,2019-06-16,
443,예수님이 삭개오에게 주신 3가지,누가복음 19:1-10,2019-06-09
444,"하나님의 꿈, 선교!",디모데전서 2:4,2019-06-02
445,밥 같이 먹는 우리,마가복음 3:31-35,2019-05-26
446,죽겠네? 주께 있네!,고린도전서 15:29-34,2019-05-19
447,잘 되고 장수하는 비결,에베소서 6:1-3,2019-05-12
448,인생의 진리,전도서 7:15-26,2019-05-05
449,주님께 하듯 합시다,골로새서 3:22-25,2019-04-28
450,장애인주일 기념예배,2019-04-21,
451,Here I stand,요한복음 4:23,2019-04-14
452,"좁은 문, 좁은 길",마태복음 7:13-14,2019-04-07
453,두려움을 뛰어넘는 인생,마태복음 14:24-33,2019-03-31
454,모은무보,시편 116:12-19,2019-03-24
455,결실하는 마음,마가복음 4:1-9,2019-03-17
456,어떤 성도로 기억되고 싶은가?,디모데후서 4:9-11,2019-03-10
457,내가 존재하는 이유,여호수아 1:1-9,2019-03-03
458,생각하고 바라보는 헌신자,"히브리서 3:1,12:2",2019-02-24
459,버려야 비로소 보여지는 은혜,마태복음 4:18-22,2019-02-17
460,그리 아니하실지라도,다니엘 3:16-18,2019-02-10
461,인자의 온 것은,마가복음 10:32-45,2019-02-03
462,하나님을 내 편으로 만드는 사람,시편 118:5-10,2019-01-27
463,왕이신 하나님,시편 145:1-5,2019-01-20
464,나의 충성심을 갱신하라,레위기 2:1-16,2019-01-13
465,사명자의 삶,데살로니가전서 2:1-13,2019-01-06
466,십자가를 감사하라,고린도전서 2:1-5,2018-12-30
467,임마누엘,마태복음 1:21-23,2018-12-23
468,평생 해야 할 일,시편 63:3-4,2018-12-16
469,반등하라,요한복음 1:9-13,2018-12-09
470,예배는 참여하여 드리는 것,레위기 1:1-9,2018-12-02
471,"큰 용사여, 일어나라!",사사기 6:11-16,2018-11-25
472,꿈은 이루어진다,창세기 41:38-43,2018-11-18
473,넉넉히 주시는 힘,이사야 40:27-31,2018-11-11
474,사역자의 3대 요소,디모데후서 2:15,2018-10-28
475,"은혜 받을 때, 구원의 날",고린도후서 6:2,2018-10-21
476,억지로 같이 가게 하여,마가복음 15:21,2018-10-14
477,힘을 다하여 수고하노라,골로새서 1:24-29,2018-10-07
478,합당한 영광을 돌리라,시편 96:1-9,2018-09-30
479,생수의 강,요한복음 7:37-38,2018-09-23
480,드리는 삶,로마서 12:1-2,2018-09-16
481,"떠남, 만남과 동역",사도행전 18:1-3,2018-09-09
482,헌신의 경제학,창세기 22:1-14,2018-09-02
483,준비된 예배,역대상 16:37-43,2018-08-26
484,내 인생이 소중한 시간,마태복음 5:16,2018-08-19
485,양자 됨,로마서 8:14-17,2018-08-12
486,마땅히 행할 길,잠언 22:6,2018-08-05
487,신앙인의 삶의 방식,전도서 6:1-12,2018-07-29
488,더하는 사랑,마태복음 5:43-48,2018-07-22
489,당신의 소망은 어디에?,디모데전서 6:17-19,2018-07-15
490,행복의 조건,시편 23:1-2,2018-07-08
491,새 계명을 주노니,요한복음 13:34-35,2018-07-01
492,감추어진 비밀,에베소서 3:1-6,2018-06-24
493,비전이 없는 백성은 망한다,잠언 29:18 사도행전 1:6-8,2018-06-17
494,"절망, 그러나 희망",출애굽기 14:6-7,2018-06-10
495,어리석은 선택,갈라디아서 3:1-5,2018-06-03
496,홈커밍데이 남진 장로 초청집회,2018-05-27,
497,즐겁게 찬양하라,시편 66:1-7,2018-05-20
498,은혜로 넘치는 응답,누가복음 10:25-37,2018-05-13
499,헌신하는 자에게 주시는 축복,민수기 6:22-27,2018-05-06
500,지저스 퍼스트 북콘서트,2018-04-29,
501,우리는 한 가족,요한복음 9:1-7,2018-04-22
502,하나님 나라의 보물,누가복음 13:10-21,2018-04-15
503,하나님의 말씀을 환영하라,야고보서 1:21-27,2018-04-08
504,하나님께 가까이,시편 73:17-28,2018-03-25
505,위기관리 매뉴얼,요한복음 2:1-11,2018-03-18
506,성경적인 부모 자녀 관계,에베소서 6:1-4,2018-03-11
507,저편으로 건너가자,마가복음 4:35-41,2018-03-04
508,다시 바라보는 예수님,마태복음 16:13-17,2018-02-25
509,운동 선수와 같이,고린도전서 9:24-27,2018-02-18
510,일상 속의 하나님 나라,마태복음 20:1-16,2018-02-11
511,빛의 증인의 삶,요한복음 1:1-8,2018-02-04
512,청지기가 가질 태도,베드로전서 4:7~11,2018-01-21
513,내 안에 굴러온 기회,신명기 24:19-21,2018-01-17
514,무엇을 위해 기도하십니까?,빌립보서 1:9~11,2018-01-07
515,성탄전야축제,마태복음 2:10,2017-12-24
516,한 아기,이사야 9:6~7,2017-12-17
517,주님을 닮아가는 섬김,마태복음 20:28,2017-12-10
518,그 중에 제일은 사랑이라,"고린도전서 13:1~3,13",2017-12-03
519,하나님을 사랑하는가?,사무엘상 2:12~17,2017-11-26
520,기념할 만한 헌신의 원리,마가복음 14:3~9,2017-11-19
521,하나님을 가까이함이 복이라,시편 73:1~28,2017-11-12
522,성별된 목사의 특징,레위기 8:22~25,2017-11-05
523,삶의 예배,요한복음 4:23~24,2017-10-29
524,내 평생에 가는 길,시편 23:6,2017-10-22
525,복음을 부끄러워 하지 말자,로마서 1:14~17,2017-10-15
526,참 이웃,누가복음 10:25~37,2017-10-08
527,인생의 골리앗 앞에서,사무엘상 17:33~40,2017-10-01
528,민다나오 땅끝까지 그리스도의 사랑이 전해지기를,사도행전 1:8,2017-09-24
529,15차 예닮삶 찬양축제,마가복음 9:14~23,2017-09-17
530,그 땅이 주는 복음,신명기 8:1~10,2017-09-10
531,함께 헌신하는 동역자,고린도전서 3:10,2017-09-03
532,"구원, 하나님의 선물",에베소서 2:1~9,2017-08-27
533,벧엘로 올라가자,창세기 35:1~7,2017-08-20
534,거침없이,사도행전 28:31,2017-08-13
535,잃어버린 양에게로 가라,마태복음 10:5~8,2017-07-23
536,진정한 사랑의 조건,잠언 17:9,2017-07-16
537,월드밀알선교합창단 초청찬양집회,2017-07-09,
538,이렇게 충성합시다,역대상 11:15~19,2017-07-02
539,끝까지 견고히,히브리서 3:12~14,2017-06-25
540,박종호 장로 찬양간증집회,2017-06-18,
541,하나님 앞에서,사도행전 4:13~22,2017-06-11
542,슈퍼 크리스챤,빌립보서 4:11~13,2017-06-04
543,돌아보기,열왕기상 21:1~4,2017-05-28
544,CCM 가수 송정미 콘서트,2017-05-21,
545,찬양의 이유,시편 105:1~4,2017-05-14
546,함께 하늘에 앉히시니,민수기 6:22~27,2017-05-07
547,도움이 필요할 때,시편 121:1~2,2017-04-30
548,부활절뮤지컬칸타타 '두 제자',2017-04-16,
549,사랑은 용서이다,마태복음 18:21~35,2017-04-09
550,잘하였도다,마태복음 25:14~30,2017-04-04
551,사랑을 따라 구하라,고린도전서 14:1~5,2017-03-28
552,착하고 충성된 종,마태복음 25:14~30,2017-03-19
553,"꼭 알아야 되지요, 예수님은 누구신가",사도행전 16:31~32,2017-03-12
554,주일6부예배,2017-03-06,
555,류정필교수 초청 찬양콘서트,2017-02-26,
556,아낌없는 사랑,요한복음 15:11~12,2017-02-19
557,하나님이 찾으시는 예배자,요한복음 4:23~24,2017-02-12
558,거룩을 향한 열정,이사야 6:1~7,2017-02-05
559,함께하는 위원회 행복한 교회,고린도후서 9:12~15,2017-01-22
560,그리스도의 향기,시편 11:3~4,2017-01-15
561,터가 무너지면 의인이 무엇을 할꼬,시편 11:3~4,2017-01-08
562,성탄 뮤지컬 `해피크리스마스`,2016-12-18,
563,"하나님의 논리, 함께",여호수아 6:20,2016-12-11
564,사랑의 왕,이사야 9:6,2016-12-04
565,주저없이 걷는 길,마태복음 14:22~33,2016-11-27
566,정의와 공의로 행하라,예레미야 22:3~5,2016-11-20
567,어디를 보십니까?,출애굽기 2:11~15,2016-11-06
568,넘치는 사랑,마가복음 12:29~31,2016-10-30
569,구원,요한복음 3:16,2016-10-23
570,갈릴리에서 예루살렘으로,마가복음 10:32~34,2016-10-16
571,교회의 비밀,에베소서 4:1~6,2016-10-09
572,섬김의 리더십,마가복음 10:42~45,2016-09-25
573,Amazing Grace,에베소서 2:8~9,2016-09-18
574,"하나님의 논리, 사랑 (1)",요한복음 8:2~11,2016-09-04
575,꿈의 주인공,창세기 41:8~12,2016-08-28
576,특권과 임무,베드로전서 2:9,2016-08-21
577,나라와 민족을 살리는 그리스도인,로마서 9:1~3,2016-08-14
578,"Faith, Action, Go!",사도행전 4:20,2016-08-07
579,우리는 포도원 품꾼,마태복음 20:1~16,2016-07-31
580,선교는 나로부터,로마서 10:13~15,2016-07-24
581,광야의 소리,마가복음 1:3,2016-07-17
582,"하나님의 논리, 순종",열왕기상 18:36~40,2016-07-03
583,청년의 헌신,시편 119:9,2016-06-26
584,충성,사무엘상 2:15-17,2016-06-12
585,주 여호와는 나의 힘이시라,하박국 3:16-19,2016-06-05
586,예수님을 닮아가는 기도,마가복음 14:32~40,2016-05-22
587,"하나님, 제가 교사입니다",고린도전서 4:15-16,2016-05-15
588,나를 사랑하심 같이,요한복음 17:22-26,2016-05-08
589,행복한 사람,신명기 33:26-29,2016-05-01
590,장애인의 날 복지사역구 헌신예배,요한일서 4:7-11,2016-04-24
591,고기보다 중요한 것,누가복음 5:1-11,2016-04-17
592,망각,사사기 2:6~10,2016-04-10
593,자발적 헌신,출애굽기 35:2~5,2016-04-03
594,부활절 칸타타,.,2016-03-27
595,예배자의 상급,고린도후서 3:18,2016-03-20
596,주의 백성들이 품어야 할 비전,시편 67:1~7,2016-03-13
597,말씀이 육신이 되신 예수님,요한복음 1:14,2016-03-06
598,어떻게 하오리까?,사사기 13:8~14,2016-02-21
599,우리 아이도 가능하다,마가복음 9:14~29,2016-02-14
600,너희중에 누구든지,레위기 1:1~9,2016-02-07
601,주일6부예배실황,에베소서 4:11~12,2016-01-31
602,풍성함을 누리려면,요한복음 10:1~10,2016-01-24
603,스데반,사도행전 6:15,2016-01-17
604,죄에서 자유를 얻게 함,시편 38:15~22,2016-01-10
605,만남,마태복음 6:33,2016-01-03
606,참된 예배자,요한복음 13:34~35,2015-12-27
607,주일6부예배실황-오라토리오 천지창조 공연,.,2015-12-20
608,네 사람,마가복음 2:1~12,2015-12-13
609,은혜의 길에 서다,창세기 12:1,2015-12-06
610,언제나 한결같은 사랑,에베소서 2:8~9,2015-11-29
611,최후의 순간까지,디모데후서 4:1~8,2015-11-22
612,여호와를 기뻐하는 것이 힘이라,느헤미야 8:1~10,2015-11-15
613,이런 믿음을 주소서,누가복음 17:5~10,2015-11-08
614,"하나님의 사람, 맛디아",사도행전 1:24~26,2015-11-01
615,몸으로 드리는 예배,예배실황,2015-10-25
616,전도의 기승전결,누가복음 19:1~10,2015-10-18
617,기적의 시작,사도행전 16:20~26,2015-10-11
618,은혜에 합당한 삶,열왕기하 5:15~16,2015-10-04
619,풍성한 추석,사도행전 9:36~40,2015-09-27
620,재신임,요한복음 21:15~19,2015-09-20
621,복된 사명 - 생활전도,사도행전 1:8,2015-09-13
622,전시생활방식,시편 110:1~3,2015-08-30
623,예수님 같은 선생님,요한복음 13:13~15,2015-08-23
624,하나님이 이끄시는 통일선교,고린도전서 3:6~8,2015-08-16
625,찬양간증 집회,2015-08-09,
626,하나 됨의 아름다움,에베소서 4:1~6,2015-08-02
627,그대 아직도 꿈꾸고 있는가?,전도서 5:7,2015-07-26
628,보라 지금은 은혜의 날이로다,고린도후서 6:2,2015-07-19
629,예수천당 불신지옥,누가복음 16:19~31,2015-07-12
630,마라나타,요한계시록 22:20~21,2015-07-05
631,오직 내 종,민수기 14:24,2015-06-28
632,산소망을 가진 성도의 삶,베드로전서 1:3~4,2015-06-21
633,왜 울고 있느냐?,요한복음 20:1~18,2015-06-14
634,아름다운 부부,"로마서 16:3~5, 사도행전 18:18~26",2015-06-07
635,"뮤지컬 `욥기`, My Lord, My Road",2015-05-31,
636,찬양과 경배,2015-05-24,
637,주일6부예배실황,2015-05-17,
638,하나님의 은혜,룻기 1:16~17,2015-05-10
639,우리의 삶이 기쁜 소식이 되려면,누가복음 7:2~10,2015-05-03
640,기도의 확신,마태복음 8:23~27,2015-04-26
641,인자가 온 것은,마태복음 20:25~28,2015-04-19
642,치료하시는 하나님,출애굽기 15:26,2015-04-12
643,예닮삶 찬양축제,2015-03-29,
644,복음,요한복음 3:16,2015-03-22
645,부족함을 해결하는 길,요한복음 2:1~11,2015-03-15
646,충만을 위해 기도하라,에베소서 3:14~21,2015-03-08
647,내 안에 거하라,요한복음 15:5,2015-02-22
648,깨어진 마음의 은혜,시편 51:17,2015-02-15
649,그리스도인의 삶의 중심,요한복음 4:23~24,2015-02-08
650,섬김의 자세,로마서 12:9~13,2015-02-01
651,주님의 신부감,아가서 4:1-5,2015-01-18
652,"그 사람, 그 사랑, 그 세상 간증",2015-01-11,
653,당신에게 복 주시기를 원하나이다,룻기 2:1~4,2014-12-28
654,영원한 감사,시편 136:1,2014-12-21
655,하나님의 것은 하나님께 드리라,마가복음 12:13~17,2014-12-14
656,하나님의 지혜로 사는 삶,전도서 9:13~16,2014-12-07
657,복음으로 돌아갑시다,요한계시록 3:20~22,2014-11-30
658,골고루 잘 먹어야 건강합니다,하박국 2:2,2014-11-23
659,에덴,창세기 2:8,2014-11-16
660,"승리하는 사람, 패배하는 사람",민수기 13:25~33,2014-11-09
661,몸에 배어 있지 않으면 어색합니다.,사무엘하 13:24~30,2014-11-02
662,오직 주님께 소망이,스바냐 3:17-20,2020-08-30
663,바나바의 리더십,사도행전 11:19-30,2020-08-23
664,아름다운 공동체,사도행전 2:37-47,2020-08-16
665,다윗의 장막,역대상 16:1-11,2020-08-09
666,우리가 드릴 영적예배,로마서 12:1-2,2020-08-02
667,우리를 향하신 하나님의 뜻,데살로니가전서 5:16-18,2020-07-26
668,하나님이 찾으시는 예배자,요한복음 4:20-24,2020-07-19
669,하나님의 전신갑주를 취하라,에베소서 6:10-20,2020-07-12
670,먼저 해야 할 일,디모데전서 2:1-2,2020-06-21
671,묵상하는 사람,여호수아 1:5-9,2020-06-14
672,여호와의 목소리,사무엘상 15:17-23,2020-06-07
673,우리가 여호와를 알자,호세아 6:1-3,2020-05-31
674,연애와 결혼,마태복음 19:4-6,2020-05-24
675,네 몸과 같이 사랑하라,마태복음 22:37-40,2020-05-17
676,약속이 있는 첫 계명,에베소서 6:1-4,2020-05-10
677,나를 지으신 주님,시편 139:13-18,2020-05-03
678,가능케 하시는 하나님,누가복음 18:22-27,2020-04-26
679,밀알신앙,요한복음 12:24,2020-04-19
680,부활소망,고린도전서 15:20,2020-04-12
681,하나님의 나라,누가복음 19:11-28,2020-04-05
682,절대순종,히브리서 5:8-10,2020-03-29
683,소명과 사명,이사야 6:1-8,2020-02-23
684,착한 행실로 하나님께 영광을,마태복음 5:13-16,2020-02-16
685,세상속의 그리스도인,다니엘 1:8-9,2020-02-09
686,경건한 영성,디모데전서 4:7-8,2020-02-02
687,본향을 향하여,히브리서 11:13-16,2020-01-26
688,비전 공동체,히브리서 11:24-26,2020-01-19
689,비전 프로세스,창세기 39:1-6,2020-01-12
690,꿈꾸는 자가 오는도다,창세기 37:18-20,2020-01-05
691,사람이 떡으로만 살 것 아니요,마태복음 4:4,2019-12-29
692,큰 기쁨의 좋은 소식,누가복음 2:8-11,2019-12-22
693,용서와 화해의 복음,마태복음 6:12-15,2019-12-15
694,성경 속에서 길을 찾다,디모데후서 3:14-17,2019-12-08
695,예수그리스도! 복음의 시작!,마가복음 1:1,2019-12-01
696,건강한 공동체! 성장하는 공동체!,사도행전 2:40-42,2019-11-24
697,우리가 주의 교회,마태복음 16:16-19,2019-11-17
698,두려워 말라,예레미야 1:4-10,2019-11-10
699,믿음의 삶을 살자!,여호수아 14:6-12,2019-11-03
700,감사하는 사람,골로새서 3:15,2019-10-27
701,크리스찬의 성과 결혼,창세기 1:27,2019-10-20
702,도시어부,마태복음 4:18-22,2019-10-13
703,주의 만찬,고린도전서 11:23-25,2019-10-06
704,복음으로 세운 나라! 대한민국의 비전(제언),이사야 60:1,2019-09-29
705,세상이 나를 실패자라고 할 때,출애굽기 14:6-7,2019-09-22
706,새 언약의 공동체,예레미야 31:31-34,2019-09-15
707,창조신앙과 창조력,"창세기 1:1, 요한복음 3:16",2019-09-08
708,기적을 일으키는 믿음,마가복음 2:1-12,2019-09-01
709,세상이 그대를 속일지라도,빌립보서 4:13,2019-08-25
710,무엇이 움직이게 하는가?,데살로니가전서 1:2-3,2019-08-18
711,자유하라,창세기 13:1-13,2019-08-11
712,공동체와 리더십,디모데후서 2:1-13,2019-08-04
713,말씀이 힘을 얻어,사도행전 19:17-20,2019-07-28
714,"사랑, 기댈 곳이 되어 주는",요한복음 8:2-11,2019-07-21
715,건강한 모임의 기준,빌립보서 1:6-7,2019-07-14
716,뜻밖의 선물(serendipity),"마태복음 13:12,44",2019-07-07
717,하나님 나라의 비밀,"마태복음 13:10-12, 44",2019-06-30
718,하나되기 위하여(6.25 69주년),요한복음 4:1-9,2019-06-23
719,지혜로운 인생,잠언 27:1-8,2019-06-16
720,예수님의 초청,마태복음 11:28,2019-06-09
721,교회의 가치,에베소서 2:10,2019-06-02
722,새 부대가 되게 하소서,누가복음 5:37-39,2019-05-26
723,예수님 같은 스승,요한복음 13:12-15,2019-05-19
724,부모를 공경하라,신명기 5:16,2019-05-12
725,아이에게 가르칠 이유,잠언 22:1-6,2019-05-05
726,베드로의 깨달음,사도행전 10:34-35,2019-04-28
727,부활절 칸타타 - I AM,2019-04-21,
728,침례 요한처럼,누가복음 7:28,2019-04-14
729,마리아처럼,누가복음 10:42,2019-04-07
730,고넬료,"사도행전 10:1-4,22",2019-03-31
731,내 인생의 BC와 AD,사도행전 9:20-31,2019-03-24
732,다메섹에서의 바울,사도행전 9:10-19,2019-03-17
733,빌립,사도행전 8:5-8,2019-03-10
734,스데반,사도행전 7:55-60,2019-03-03
735,자유,누가복음 4:18,2019-02-24
736,거룩한 한국을 세우는 기초석이 되자,베드로전서 1:13-16,2019-02-17
737,대형교회 문제 어떻게 해결할까?,사도행전 6:1-7,2019-02-17
738,전도여행의 은혜,마태복음 10:5-12,2019-02-10
739,누가 진실한 제자인가?,사도행전 5:41-42,2019-02-10
740,생각의 차이,사도행전 10:9-16,2019-02-03
741,날마다,요한복음 6:35,2019-02-03
742,하나님이 없다고 느껴질 때(2),열왕기상 18:21,2019-01-27
743,성령의 사람들,사도행전 4:17-21,2019-01-27
744,중보기도의 사역,출애굽기 17:8-14,2019-01-20
745,예수! 그 이름의 능력,사도행전 3:1-10,2019-01-20
746,다시 비전을 품는 법,창세기 15:1-6,2019-01-13
747,최초의 교회,사도행전 2:1-4,2019-01-13
748,열방의 선지자가 됩시다,예레미야 1:4-10,2019-01-06
749,예수님을 깊이 생각하며 삽시다,히브리서 3:1,2019-01-06
750,내 인생 최고의 해,에베소서 5:15-21,2018-12-30
751,예수를 바라보자,히브리서 12:1-2,2018-12-30
752,길과 진리와 생명,요한복음 14:6,2018-12-23
753,목자들의 성탄,누가복음 2:8-20,2018-12-23
754,서원,사무엘상 1:9-11,2018-12-16
755,하나님의 친구 되기,사무엘상 3:8-10,2018-12-16
756,세상을 바꾸는 청년들의 도전,마태복음 25:40,2018-12-09
757,초대교회로 돌아갑시다,사도행전 2:38-41,2018-12-09
758,영혼의 성벽 세우기,느헤미야 3:1-6,2018-12-02
759,사랑한다는 것은,요한일서 3:16-18,2018-12-02
760,하나님의 시각,"사사기 6:1-7, 11-12",2018-11-25
761,비전을 성취하려면,민수기 13:25-33,2018-11-25
762,믿음이 이긴다,히브리서 11:1-6,2018-11-18
763,첫 사랑의 중요성,요한계시록 2:1-7,2018-11-18
764,돈 권력 쾌락,열왕기상 10:14-11:5,2018-11-11
765,일상속의 하나님 나라,마태복음 20:1,2018-11-11
766,골짜기로 다닐지라도,시편 23:4-6,2018-11-04
767,광야에서 승리하려면,2018-11-04,
768,의의 길로 인도하시는도다,시편 23:3,2018-10-28
769,다니엘의 감사,다니엘 6:10,2018-10-28
770,행복콘서트,2018-10-21,
771,무엇 보다 소중한 생명,누가복음 12:13-15,2018-10-21
772,여호와는 나의 목자,시편 23:1-3,2018-10-14
773,풍성한 생명을 얻으려면,요한복음 10:10,2018-10-14
774,왕과 선지자,사무엘하 12:1-10,2018-10-07
775,복음이란 무엇인가?,로마서 1:16-17,2018-10-07
776,이기심의 그림자,사무엘상 15:20-30,2018-09-30
777,이기심의 그림자,사무엘상 15:20-30,2018-09-30
778,리더십의 그림자(2),사무엘상 8:4-18,2018-09-23
779,해피 추석,신명기 16:13-15,2018-09-23
780,"한 손에는 성경을, 다른 한 손에는 마우스를",히브리서 9:26,2018-09-16
781,리더십의 그림자,사무엘상 18:6-16,2018-09-09
782,살기 위하여,에스겔 18:30-32,2018-09-09
783,사무엘의 청어람,사무엘상 3:1-10,2018-09-02
784,사랑하며 삽시다,요한일서 4:7-12,2018-09-02
785,교회를 돕는 교회,사도행전 11:27-30,2018-08-26
786,크리스찬과 권위,로마서 13:1-10,2018-08-26
787,하나님이 없다고 느껴질 때,창세기 22:3-4,2018-08-19
788,요한이 전한 메시지,누가복음 3:18-20,2018-08-19
789,"주의 마음, 주의 얼굴",마태복음 5:3-12,2018-08-12
790,빈 들에서 하나님의 말씀을 듣다,고명진 담임목사,2018-08-12
791,인도하시는 하나님,출애굽기 6:28-7:7,2018-08-05
792,공동체와 사귐의 축복,시편 133:1-3,2018-08-05
793,천국을 침노하라,마태복음 11:12-19,2018-07-29
794,인내와 믿음,히브리서 10:36-39,2018-07-29
795,침노라하! 차지하라!,마태복음 11:2-12,2018-07-22
796,교회의 사명,마태복음 5:13-14,2018-07-22
797,당신의 소망은 어디에?,디모데전서 6:17-19,2018-07-15
798,성령의 기름부음,요한일서 2:20-27,2018-07-08
799,진정한 친구는?,요한복음 15:13-15,2018-07-08
800,믿음 소망 사랑의 연합,고린도전서 13:13,2018-07-01
801,너는 물 댄 동산 같으리라,이사야 58:9下-11,2018-07-01
802,열방을 환영하라,사도행전 10:9-20,2018-06-24
803,증인의 삶,요한계시록 11:3-8,2018-06-24
804,세계 선교사에 빛나는 교회,사도행전 11:19-26,2018-06-17
805,북한을 향한 하나님의 열심,요한복음 5:17,2018-06-17
806,나라를 제자삼는 신앙인,마태복음 28:19,2018-06-10
807,화목하며 살아야 할 우리,고린도후서 5:17-21,2018-06-10
808,나라를 사랑하는 신앙인,로마서 9:1-3,2018-06-03
809,성전을 사모하는 열심,시편 84:1-12,2018-06-03
810,청춘에게 답하다,전도서 12:1,2018-05-27
811,삶으로 가르치는 스승,마태복음 5:19,2018-05-20
812,"성령의 바람, 주님의 호흡",에스겔 37:1-10,2018-05-20
813,성령충만의 축복,에베소서 5:18-21,2018-05-13
814,생명을 건 효(孝),룻기 1:15-18,2018-05-13
815,성령의 내주와 충만,사도행전 1:3-5,2018-05-06
816,그 세대와 다른 세대,사사기 2:10-15,2018-05-06
817,먼저 강한 자를 결박하라,마가복음 3:22-29,2018-04-29
818,생명을 선택합시다,신명기 30:15-20,2018-04-29
819,하나님의 축복,시편 67:1-7,2018-04-22
820,경건한 삶,야고보서 1:26-27,2018-04-22
821,부하고 풍족하고 윤택한 삶,잠언 11:24-25,2018-04-15
822,사람의 미혹을 주의하라,마태복음 24:3-5,2018-04-15
823,믿는 자의 정체성,출애굽기 19:4-6,2018-04-08
824,하나님의 영광을 위하여,고린도전서 10:23-33,2018-04-08
825,주와 죽으면 주와 함께 살리라,디모데후서 2:11-13,2018-04-01
826,부활을 믿는 자,고린도전서 15:19-22,2018-04-01
827,고난을 통한 승리,"창세기 3:15,누가복음 24:25-27",2018-03-25
828,종려주일과 헌신,누가복음 19:28-40,2018-03-25
829,보물을 어디에 쌓으십니까?,마태복음 6:19-25,2018-03-18
830,원시복음의 신비,창세기 3:15,2018-03-18
831,"주여, 부흥을 주소서!",역대하 7:14,2018-03-11
832,사랑은 이렇게 해야 합니다,사무엘하 21:10-14,2018-03-11
833,너는 복이 될지라,창세기 12:1-3,2018-03-04
834,예수님의 가르침,마태복음 7:28-29,2018-03-04
835,예수님은 나의 힘,이사야 40:31,2018-02-25
836,예수님의 가르침,마태복음 7:28-29,2018-02-25
837,무엇을 예배할까?,마태복음 4:8-10,2018-02-18
838,사랑으로 섬기면,마태복음 20:28,2018-02-18
839,하나님 앞에 서라,마태복음 4:5-7,2018-02-11
840,주는 것이 받는 것 보다 복이 있다,누가복음 6:38,2018-02-11
841,유혹을 이기는 말씀의 훈련,"창세기 3:6, 마태복음 4:1-4",2018-02-04
842,전도하면,마가복음 1:35-39,2018-02-04
843,흔드시는 이유,신명기 32:10~11,2018-01-28
844,부르짖어 기도하면,시편 142:1~7,2018-01-28
845,말씀대로 살면..,신명기 4:1~6,2018-01-21
846,실낙원과 선악과,"창세기 2:8~9, 15~17",2018-01-21
847,그리스도 안에서 참 좋은 나,로마서 7:21~8:2,2018-01-14
848,시대를 분변하라,누가복음 12:54~59,2018-01-14
849,모험으로 부르심,여호수아 1:1~9,2018-01-07
850,소명-궁극적인 존재 목적,에베소서 2:8~10,2018-01-07
851,복 있는 사람의 묵상,시편 1:1~6,2017-12-31
852,찾아오시는 하나님의 사랑,로마서 8:35~39,2017-12-24
853,"평범한, 그러나 특별한 밤",누가복음 2:8~20,2017-12-24
854,창조에 반영된 하나님의 목적,창세기 1:26~31,2017-12-17
855,경건의 비밀,디모데전서 3:16,2017-12-17
856,삼위일체 하나님,창세기 1:1~3,2017-12-10
857,사랑,고린도전서 13:4~7,2017-12-10
858,하나님 사랑하는 청년 공동체,마가복음 12:28~30,2017-12-03
859,하나님의 뜻을 이루어 갈때,민수기 20:1~13,2017-12-03
860,하나님을 사랑하는가?,사무엘상 2:12~17,2017-11-26
861,주님이 더 필요합니다,출애굽기 33:7~17,2017-11-26
862,열정있는 삶을 살라,열왕기상 19:9~14,2017-11-19
863,3일간의 회상,창세기 22:1~4,2017-11-19
864,예수가 답이다,갈라디아서 2:20,2017-11-12
865,좋은 신앙이란,마태복음 22:34~40,2017-11-12
866,하나님의 시선,민수기 32:1~5,2017-11-05
867,하나님이 원하시는 지혜,전도서 2:18~26,2017-11-05
868,참된 위로 감사,누가복음 7:11~15,2017-10-29
869,그래도 감사,하박국 3:16~19,2017-10-29
870,믿음으로 이해하기,고린도후서 12:7~10,2017-10-22
871,당신 때문에 행복합니다,마가복음 2:1~12,2017-10-22
872,하나님 나라의 기준,창세기 3:4~10,2017-10-15
873,예수께서 찾아가신 이유,요한복음 4:9~15,2017-10-15
874,하나님 나라의 기준,창세기 3:1~6,2017-10-08
875,잃어버린 은전,누가복음 15:8~10,2017-10-08
876,전심으로 돌아오려거든,사무엘상 7:2~6,2017-10-01
877,나는 왜 진화론을 버렸는가?,골로새서 2:8,2017-09-24
878,하나님만이 소망이십니다,로마서 15:13,2017-09-24
879,과학이 증거하는 것은 무엇인가?,창세기 1:1~5,2017-09-17
880,항상 기뻐하라,빌립보서 4:4~7,2017-09-17
881,주님의 초청,이사야 55:1~9,2017-09-10
882,하나님 나라의 주인,에스겔 27:1~36,2017-09-10
883,하나님 나라와 말씀묵상,요한계시록 10:9~10,2017-09-03
884,세가지 유혹,누가복음 4:1~13,2017-09-03
885,하나님 나라와 금식,마태복음 9:14~17,2017-08-27
886,하나님 나라와 용서,누가복음 23:34,2017-08-20
887,"슬픔의 노래, 기쁨의 노래",시편 126:1~6,2017-08-20
888,부활신앙과 하나님 나라,고린도전서 15:12~20,2017-08-13
889,내가 너희를 쉬게 하리라,마태복음 11:28~30,2017-08-13
890,신앙의 훈련,출애굽기 16:4~5,2017-08-06
891,이 내 사랑하는 아들이라,누가복음 15:24~32,2017-08-06
892,첫 번째 만남,요한복음 3:16,2017-07-30
893,풍성한 은혜,에베소서 3:7~9,2017-07-30
894,하나님의 은혜,고린도전서 15:10,2017-07-23
895,씨앗과 결실,데살로니가전서 2:19~20,2017-07-23
896,성령의 충만함을 받고,사도행전 2:4~13,2017-07-16
897,영적 가족,고린도전서 12:26~27,2017-07-16
898,성령의 충만함을 받고,사도행전 2:1~4,2017-07-09
899,평안을 누립시다,요한복음 16:33,2017-07-09
900,시대를 거스르는 한 사람,예레미야 5:1,2017-07-02
901,하나님이 찾는 사람,사도행전 1:21~26,2017-07-02
902,하나님이 찾는 사람,사도행전 1:15,2017-06-25
903,오직 말씀으로,에스라 7:6~10,2017-06-25
904,나의 계획과 하나님의 계획,로마서 15:20~29,2017-06-18
905,문제적 사람,시편 46:1~11,2017-06-18
906,크리스찬의 참 스펙!,디모데전서 4:12,2017-06-11
907,욥의 인내와 결말을 보았거니와,야고보서 5:7~11,2017-06-11
908,결혼,창세기 24:61~67,2017-06-04
909,내 영혼이 갈급합니다,시편 42::1~5,2017-06-04
910,하나님만 섬기라,마태복음 6:24,2017-05-21
911,결혼,창세기 24:61~67,2017-05-21
912,여호와 보시기에,"사무엘하 11:1~5, 26~27",2017-05-14
913,부모를 떠난 연합,창세기 2:24,2017-05-14
914,전혀 기도에 힘쓰니라,사도행전 1:12~14,2017-05-07
915,행복한 사람,신명기 33:26~29,2017-05-07
916,Don't Worry 돈,마태복음 6:31~34,2017-04-30
917,드림은 축복의 열쇠,빌립보서 4:14~20,2017-04-30
918,전혀 기도에 힘쓰니라,사도행전 1:12~14,2017-04-23
919,수단과 목적,신명기 11:18~25,2017-04-23
920,예수님의 부활의 의미,로마서 6:8~9,2017-04-16
921,생기야 불어라,에스겔 37:1~10,2017-04-16
922,우리를 위해 죽으신 예수님,민수기 21:4~9,2017-04-09
923,호산나를 외쳐야할 사람들,스가랴 19:23~30,2017-04-09
924,예닮의 신화 오병이어,마가복음 6:38~44,2017-04-02
925,예닮의 신화 오병이어,마가복음 6:38~44,2017-04-02
926,성공하는 삶,신명기 6:1~9,2017-03-26
927,선한 목자이신 예수님,요한복음 10:11~15,2017-03-26
928,태양아 머무르라,여호수아 10:10~14,2017-03-19
929,즉시 움직이시는 예수님,마태복음 14:22~33,2017-03-19
930,찬송하게 하려함,이사야 43:21,2017-03-12
931,본 그대로 오시리라,사도행전 1:9~11,2017-03-12
932,능치 못하심 없는 하나님,창세기 18:14~19,2017-03-05
933,본 그대로 오시리라,사도행전 1:9~11,2017-03-05
934,기도의 사람 엘리야,열왕기상 18:41~46,2017-02-26
935,너희는 나를 누구라 하느냐?,마태복음 16:15,2017-02-26
936,너희를 나를 누구라 하느냐?,마태복음 16:15,2017-02-19
937,하나님의 권념,창세기 8:1~5,2017-02-19
938,믿는자의 본이 되라,김학원 선교사,2017-02-12
939,내 증인이 되리라,사도행전 1:6~8,2017-02-12
940,한 영혼의 가치,마가복음 5:17~20,2017-02-05
941,내 증인이 되리라,사도행전 1:6~8,2017-02-05
942,예수님의 흔적,갈라디아서 6:14~18,2017-01-29
943,고난은 목적이 아니라 도구이다,욥기 1:6~12,2017-01-29
944,구덩이 속의 비밀,시편 105:17~22,2017-01-22
945,성령을 기다리라,사도행전 1:4~5,2017-01-22
946,복된 삶의 비결,창세기 12:1~9,2017-01-15
947,성령을 기다리라,사도행전 1:4~5,2017-01-15
948,치우침이 없는 삶,여호수아 1:7~8,2017-01-08
949,하나님의 나라와 성령충만,사도행전 1:1~3,2017-01-08
950,하나님 나라와 성령충만,사도행전 1:1~3,2017-01-01
951,성탄의 의미,마태복음 1:21,2016-12-25
952,예수님을 만나라,요한복음 18:1~11,2016-12-18
953,예수님을 만나라,마태복음 18:15~20,2016-12-11
954,예수님을 만나라,마태복음 9:35~38,2016-12-04
955,부르심과 인도하심,디모데후서 1:9,2016-11-27
956,엘림,민수기 33:9,2016-11-20
957,관계중심적 소명,로마서 12:1~2,2016-11-13
958,냐/냐 아니면 도/도,고린도전서 9:19~23,2016-11-06
959,예수님을 만나라,누가복음 2:8~11,2016-10-30
960,예수님을 만나라,누가복음 15:20~24,2016-10-23
961,예수님을 만나라 2,마태복음 28:18~20,2016-10-16
962,예수님을 만나라,마태복음 25:31~40,2016-10-09
963,구원을 보라,출애굽기 14:13~14,2016-10-02
964,제10계명,출애굽기 20:17,2016-09-25
965,길,다니엘 3:1~18,2016-09-18
966,제9계명,출애굽기 20:16,2016-09-11
967,공평하신 하나님,욥기 1:20~22,2016-09-04
968,제8계명,출애굽기 20:15,2016-08-28
969,하나됨,에베소서 2:11~22,2016-08-21
970,제7계명,출애굽기 20:14,2016-08-14
971,역사를 어떻게 보십니까?,사도행전 13:4~52,2016-08-07
972,결핍의 은혜,열왕기상 7:13~14,2016-07-31
973,제6계명,출애굽기 20:13,2016-07-24
974,제5계명,출애굽기 20:12,2016-07-17
975,제3계명,출애굽기 20:7,2016-07-10
976,요한의 편지,요한일서 2:7~11,2016-07-03
977,제2계명,출애굽기 20:4~7,2016-06-26
978,제1계명,출애굽기 20:3,2016-06-19
979,나라를 살리는 교육,열왕기하 22:1-2,2016-06-12
980,나라와 국민을 위한 삶,요한복음 18:36-38,2016-06-05
981,안식일의 주인이신 예수님,누가복음 6:1-5,2016-05-29
982,도움이 되는 관계,창세기 2:18,2016-05-22
983,앞 서 가신 예수님,누가복음 9:22-27,2016-05-15
984,가난한 자의 친구 되시는 예수님,누가복음 6:20-23,2016-05-08
985,보시는 하나님의 눈,누가복음 21:1-4,2016-05-01
986,꿈과 이상으로 사는 그리스도인,스가랴 4:6,2016-04-24
987,시험을 이기신 예수님,누가복음 4:1~2,2016-04-17
988,품어주시는 예수님,요한복음 21:17,2016-04-03
989,부활하신 예수님,요한복음 20:24~29,2016-03-27
990,우리를 위해 죽으신 예수님,로마서 5:6~11,2016-03-20
991,길이신 예수님,요한복음 14:4~6,2016-03-13
992,"살라, 예수님 중심으로 살라 Jesus First",요한복음 12:26,2016-03-06
993,끝까지 사랑하시는 예수님,요한복음 13:1,2016-02-28
994,구레네 사람 시몬,마가복음 15:21,2016-02-21
995,함께 우시는 예수님,요한복음 11:29~37,2016-02-14
996,하나님께서 기뻐하시는 헌신,사도행전 20:24,2016-02-07
997,회복시키시는 예수님,마가복음 5:1~20,2016-01-31
998,생수의 근원 예수님,요한복음 4:13~14,2016-01-24
999,갚아주시는 예수님,누가복음 10:5~6,2016-01-17
1000,사람의 미혹을 주의하라!,마태복음 24:4~5,2016-01-10
1001,가나안에 들어가려면,여호수아 3:14~17,2016-01-03
1002,사랑을 실천하려면,요한복음 13:34~35,2015-12-27
1003,크리스마스 콘서트,.,2015-12-20
1004,소금과 빛의 사명,마태복음 5:13~16,2015-12-13
1005,청년아! 일어나라,누가복음 7:11~17,2015-12-06
1006,Inner circle(핵심집단),요한복음 6:66~71,2015-11-29
1007,진정한 예배자를 찾으시는 예수님,누가복음 10:38~42,2015-11-22
1008,선한목자이신 예수님,요한복음 10:11~16,2015-11-15
1009,임마누엘 예수님,마태복음 1:23,2015-11-08
1010,참 포도나무이신 예수님,요한복음 15:1~8,2015-11-01
1011,사랑의 예수님,요한일서 3:13~18,2015-10-25
1012,생명,갈라디아서 2:20,2015-10-18
1013,그가 찔림으로...,이사야 53:5,2015-10-11
1014,네가 낫고자 하느냐?,요한복음 5:6~8,2015-10-04
1015,의원되시는 예수님,마가복음 5:24~34,2015-09-27
1016,치유하시는 예수님,마태복음 4:23~24,2015-09-20
1017,자비하신 예수님,누가복음 7:36~50,2015-09-13
1018,대신 죽으신 예수님,이사야 53:4~6,2015-09-06
1019,"예수, 희생의 반석",출애굽기 17:1~7,2015-08-30
1020,마지막 선택,누가복음 23:39~43,2015-08-23
1021,근원의 기쁨을 회복하라,누가복음 16:19~31,2015-08-16
1022,자세를 바꾸라,역대상 21:1~8,2015-08-09
1023,예레미야를 아십니까?,예레미야 5:1,2015-08-02
1024,시선을 바꾸라,열왕기상 19:1~8,2015-07-26
1025,회개하라,누가복음 19:1~10,2015-07-19
1026,다르게 보기,잠언 14:27,2015-07-12
1027,감사하라,출애굽기 23:16,2015-07-05
1028,다시 시작하라,사무엘하 6:12~16,2015-06-28
1029,뒤돌아보지 마라,역대하 25:11~12,2015-06-21
1030,강하고 담대하라,여호수아 1:1~9,2015-06-14
1031,복음의 사람 Ⅲ - 예수를 증언하다,사도행전 5:42,2015-06-07
1032,십자가 안에서의 쉼,마가복음 3:7~12,2015-05-31
1033,저주가 복으로,창세기 49:5~7,2015-05-24
1034,먼저 손을 내미신 예수님,로마서 5:8,2015-05-17
1035,그리스도인으로 산다는 것,사도행전 8:34~35,2015-05-10
1036,행복한 가정-어린 감람나무,시편 128:1~4,2015-05-03
1037,먼저 그의 나라와 의를 구하라,마태복음 6:33,2015-04-26
1038,참된 승자,창세기 28:13~15,2015-04-19
1039,하나님께서 받으시는 예배자,창세기 4:1~8,2015-04-12
1040,하나님의 뜻 따라잡기,사무엘하 12:15~23,2015-03-29
1041,욕을 먹는다,에베소서 4:2,2015-03-22
1042,복음 - 예수 그리스도,로마서 1:1~4,2015-03-15
1043,주님의 권능을 인정하라,로마서 14:1~4,2015-03-08
1044,성령 충만한 증인,사도행전 4:18~21,2015-03-01
1045,믿음은 감사로,누가복음 17:11~19,2015-02-22
1046,거룩한 움직임,요한복음 2:13~22,2015-02-15
1047,목적에 합당한 삶,에베소서 2:8~10,2015-02-08
1048,응답의 하나님,예레미야 33:2~9,2015-02-01
1049,여호와만 섬기라,마가복음 10:23~30,2015-01-25
1050,그래도 사랑하시는 주님,마태복음 26:17~28,2015-01-18
1051,부르짓는 자가 되라,마태복음 20:29~34,2015-01-11
1052,고난이 주는 의미를 잡아라,사사기 6:1~7,2015-01-04
1053,예수님을 만난 사람,마태복음 2:1~12,2014-12-28
1054,십자가를 지고 따르라,누가복음 9:23,2014-12-21
1055,끝까지 사랑하라,요한복음 13:1~17,2014-12-14
1056,당신에게 천국은?,마태복음 13:44~46,2014-12-07
1057,시대를 이끌어 가는 지도자,잠언 29:18,2014-11-30
1058,청년아! 세상을 바꿔라!,고린도전서 10:31,2014-11-23
1059,성공하는 미래 만들기,데살로니가전서 5:16~18,2014-11-16
1060,"하나님의 길, 사람의 길",열왕기상 15:25~16:4,2014-11-09
1061,기대하라,사도행전 2:17,2014-11-02
1062,그리스도의 일꾼,고린도전서 4:1~2,2014-10-26
1063,의심에서 믿음으로,야고보서 1:5~8,2014-10-19
1064,끊을 수 없는 하나님의 사랑,로마서 8:31~39,2014-10-12
1065,거룩한 모험에 도전하라,여호수아 1:9,2014-10-05
1066,성공적인 삶,마태복음 25:14-30,2014-09-21
1067,하나님의 구원을 보라,출애굽기 14:9~14,2014-09-14
1068,예수님은 누구신가?,요한복음 4:10,2014-09-07
